"","Richness","Evenness","Shannon","sample_code","lakeID","monthID","month_code","season_year","day_number"
"BOI.A.W1.ADN",244,0.791760921338495,4.35244297881085,"BLR_A_W1","BLR","Jun.","A","summer_2021",1
"BOI.A.W2.ADN",261,0.782244761899882,4.35281694111318,"BLR_A_W2","BLR","Jun.","A","summer_2021",1
"BOI.A.W3.ADN",232,0.784383663255713,4.27233181237941,"BLR_A_W3","BLR","Jun.","A","summer_2021",1
"BOI.B.W1.ADN",240,0.80880740765125,4.43278135986077,"BLR_B_W1","BLR","Jul.","B","summer_2021",30
"BOI.B.W2.ADN",257,0.804058883507354,4.46178392131821,"BLR_B_W2","BLR","Jul.","B","summer_2021",30
"BOI.B.W3.ADN",251,0.806650323469941,4.45710840066859,"BLR_B_W3","BLR","Jul.","B","summer_2021",30
"BOI.C.W1.ADN",244,0.755745403941431,4.15445962095821,"BLR_C_W1","BLR","Aug.","C","summer_2021",65
"BOI.C.W2.ADN",257,0.741206837775341,4.11301313745996,"BLR_C_W2","BLR","Aug.","C","summer_2021",65
"BOI.C.W3.ADN",250,0.686787776978882,3.79207186945439,"BLR_C_W3","BLR","Aug.","C","summer_2021",65
"BOI.D.W1.ADN",340,0.838945244090466,4.89016620395605,"BLR_D_W1","BLR","Sep.","D","fall_2021",100
"BOI.D.W2.ADN",258,0.82608642300375,4.58722452059228,"BLR_D_W2","BLR","Sep.","D","fall_2021",100
"BOI.D.W3.ADN",327,0.824139359050675,4.7717340641722,"BLR_D_W3","BLR","Sep.","D","fall_2021",100
"BOI.E.W1.ADN",245,0.778057073878996,4.28029286594923,"BLR_E_W1","BLR","Oct.","E","fall_2021",128
"BOI.E.W2.ADN",236,0.792641482058041,4.33085973965136,"BLR_E_W2","BLR","Oct.","E","fall_2021",128
"BOI.E.W3.ADN",248,0.800682274237667,4.41450466732671,"BLR_E_W3","BLR","Oct.","E","fall_2021",128
"BOI.F.W1.ADN",175,0.738024525031963,3.81173871529665,"BLR_F_W1","BLR","Nov.","F","fall_2021",157
"BOI.F.W2.ADN",160,0.72039701146931,3.65614004918175,"BLR_F_W2","BLR","Nov.","F","fall_2021",157
"BOI.F.W3.ADN",177,0.697619454256051,3.61098275158576,"BLR_F_W3","BLR","Nov.","F","fall_2021",157
"BOI.G.W1.ADN",120,0.682281551338852,3.26641729328728,"BLR_G_W1","BLR","Jan.","G","winter_2021",220
"BOI.G.W2.ADN",130,0.677961215567265,3.29999957284641,"BLR_G_W2","BLR","Jan.","G","winter_2021",220
"BOI.G.W3.ADN",136,0.681054885172363,3.34578760909641,"BLR_G_W3","BLR","Jan.","G","winter_2021",220
"BOI.H.W1.ADN",219,0.782072771337947,4.21464626267657,"BLR_H_W1","BLR","Feb.","H","winter_2021",248
"BOI.H.W2.ADN",220,0.752295380758228,4.05760108865122,"BLR_H_W2","BLR","Feb.","H","winter_2021",248
"BOI.H.W3.ADN",228,0.754689005587863,4.09746745370844,"BLR_H_W3","BLR","Feb.","H","winter_2021",248
"BOI.I.W1.ADN",187,0.757002490950956,3.95996225339393,"BLR_I_W1","BLR","Mar.","I","spring_2022",276
"BOI.I.W2.ADN",222,0.756187614113187,4.08543771922128,"BLR_I_W2","BLR","Mar.","I","spring_2022",276
"BOI.I.W3.ADN",217,0.775091950194722,4.1699151316031,"BLR_I_W3","BLR","Mar.","I","spring_2022",276
"BOI.J.W1.ADN",223,0.820280899669608,4.43539972536142,"BLR_J_W1","BLR","Apr.","J","spring_2022",311
"BOI.J.W2.ADN",267,0.818505231321775,4.57319225559617,"BLR_J_W2","BLR","Apr.","J","spring_2022",311
"BOI.J.W3.ADN",211,0.794515191440055,4.25213258947875,"BLR_J_W3","BLR","Apr.","J","spring_2022",311
"BOI.K.W1.ADN",214,0.746048022100897,4.0032757926479,"BLR_K_W1","BLR","May","K","spring_2022",337
"BOI.K.W2.ADN",178,0.691360556106586,3.58248075695389,"BLR_K_W2","BLR","May","K","spring_2022",337
"BOI.K.W3.ADN",189,0.688323530184213,3.60801780973841,"BLR_K_W3","BLR","May","K","spring_2022",337
"BOI.L.W1.ADN",451,0.811132228717593,4.95720812382558,"BLR_L_W1","BLR","Jun.","L","summer_2022",372
"BOI.L.W2.ADN",446,0.81354988477375,4.96291378049905,"BLR_L_W2","BLR","Jun.","L","summer_2022",372
"BOI.L.W3.ADN",457,0.805623229989092,4.93418721603273,"BLR_L_W3","BLR","Jun.","L","summer_2022",372
"BOI.M.W1.ADN",477,0.817998606149017,5.04501989294774,"BLR_M_W1","BLR","Jul.","M","summer_2022",401
"BOI.M.W2.ADN",450,0.836541905692802,5.11064161523485,"BLR_M_W2","BLR","Jul.","M","summer_2022",401
"BOI.M.W3.ADN",465,0.809712800377519,4.97328630770161,"BLR_M_W3","BLR","Jul.","M","summer_2022",401
"BOI.N.W1.ADN",350,0.777054448188607,4.55193301488289,"BLR_N_W1","BLR","Aug.","N","summer_2022",429
"BOI.N.W2.ADN",330,0.765537500487221,4.43942289578951,"BLR_N_W2","BLR","Aug.","N","summer_2022",429
"BOI.N.W3.ADN",371,0.737099835133289,4.36083156496316,"BLR_N_W3","BLR","Aug.","N","summer_2022",429
"BOI.O.W1.ADN",329,0.707953576733831,4.10333981561019,"BLR_O_W1","BLR","Sep.","O","fall_2022",464
"BOI.O.W2.ADN",354,0.732679725526376,4.30031485134766,"BLR_O_W2","BLR","Sep.","O","fall_2022",464
"BOI.O.W3.ADN",343,0.728952591482879,4.25542873784012,"BLR_O_W3","BLR","Sep.","O","fall_2022",464
"BOI.P.W1.ADN",410,0.764336187999783,4.59836662985144,"BLR_P_W1","BLR","Oct.","P","fall_2022",492
"BOI.P.W2.ADN",419,0.772389287478305,4.66358681772464,"BLR_P_W2","BLR","Oct.","P","fall_2022",492
"BOI.P.W3.ADN",395,0.766694892547947,4.58398117907731,"BLR_P_W3","BLR","Oct.","P","fall_2022",492
"BOI.Q.W1.ADN",351,0.708163894077972,4.15039719436812,"BLR_Q_W1","BLR","Nov.","Q","fall_2022",521
"BOI.Q.W2.ADN",351,0.705833333010903,4.13673827417329,"BLR_Q_W2","BLR","Nov.","Q","fall_2022",521
"BOI.Q.W3.ADN",375,0.720720307545838,4.27165594823883,"BLR_Q_W3","BLR","Nov.","Q","fall_2022",521
"BOI.R.W1.ADN",266,0.68043483454573,3.79920538705257,"BLR_R_W1","BLR","Dec.","R","winter_2022",543
"BOI.R.W2.ADN",278,0.717325369566433,4.036835395158,"BLR_R_W2","BLR","Dec.","R","winter_2022",543
"BOI.R.W3.ADN",264,0.65057820983051,3.62759098563097,"BLR_R_W3","BLR","Dec.","R","winter_2022",543
"CHA.A.W1.ADN",103,0.691935317549983,3.20693267422879,"CSM_A_W1","CSM","Jun.","A","summer_2021",1
"CHA.A.W2.ADN",151,0.657788345057366,3.30030820054818,"CSM_A_W2","CSM","Jun.","A","summer_2021",1
"CHA.A.W3.ADN",121,0.743465287954877,3.56550379895336,"CSM_A_W3","CSM","Jun.","A","summer_2021",1
"CHA.B.W1.ADN",149,0.781714432340727,3.91165704601563,"CSM_B_W1","CSM","Jul.","B","summer_2021",30
"CHA.B.W2.ADN",137,0.74859773983763,3.68308660111918,"CSM_B_W2","CSM","Jul.","B","summer_2021",30
"CHA.B.W3.ADN",163,0.754965233203695,3.84560430823344,"CSM_B_W3","CSM","Jul.","B","summer_2021",30
"CHA.C.W1.ADN",46,0.198901076624145,0.761520895769452,"CSM_C_W1","CSM","Aug.","C","summer_2021",65
"CHA.C.W2.ADN",50,0.229431833344875,0.897542610222709,"CSM_C_W2","CSM","Aug.","C","summer_2021",65
"CHA.C.W3.ADN",31,0.200486567922035,0.688468308915411,"CSM_C_W3","CSM","Aug.","C","summer_2021",65
"CHA.D.W1.ADN",80,0.368059714844985,1.6128474736012,"CSM_D_W1","CSM","Sep.","D","fall_2021",100
"CHA.D.W2.ADN",63,0.396172230681291,1.64139492656765,"CSM_D_W2","CSM","Sep.","D","fall_2021",100
"CHA.D.W3.ADN",84,0.44562973186395,1.97450370200683,"CSM_D_W3","CSM","Sep.","D","fall_2021",100
"CHA.E.W1.ADN",27,0.168689818816259,0.555974123774217,"CSM_E_W1","CSM","Oct.","E","fall_2021",128
"CHA.E.W2.ADN",38,0.201622526410399,0.733419311559537,"CSM_E_W2","CSM","Oct.","E","fall_2021",128
"CHA.E.W3.ADN",94,0.258316213231206,1.17360670374909,"CSM_E_W3","CSM","Oct.","E","fall_2021",128
"CHA.F.W1.ADN",43,0.222941982164031,0.838529409108305,"CSM_F_W1","CSM","Nov.","F","fall_2021",157
"CHA.F.W2.ADN",24,0.251970133581527,0.800774648162056,"CSM_F_W2","CSM","Nov.","F","fall_2021",157
"CHA.F.W3.ADN",31,0.235905116542463,0.810095151679396,"CSM_F_W3","CSM","Nov.","F","fall_2021",157
"CHA.G.W1.ADN",61,0.50103850994284,2.05970611546836,"CSM_G_W1","CSM","Jan.","G","winter_2021",220
"CHA.G.W2.ADN",50,0.490852125128989,1.9202248057679,"CSM_G_W2","CSM","Jan.","G","winter_2021",220
"CHA.G.W3.ADN",65,0.505645938236654,2.11076196764952,"CSM_G_W3","CSM","Jan.","G","winter_2021",220
"CHA.H.W1.ADN",62,0.561670673253366,2.31809034865539,"CSM_H_W1","CSM","Feb.","H","winter_2021",248
"CHA.H.W2.ADN",51,0.496282407693091,1.95129589163784,"CSM_H_W2","CSM","Feb.","H","winter_2021",248
"CHA.H.W3.ADN",64,0.576376234063419,2.39708136949691,"CSM_H_W3","CSM","Feb.","H","winter_2021",248
"CHA.I.W1.ADN",161,0.664604458593958,3.37712399688747,"CSM_I_W1","CSM","Mar.","I","spring_2022",276
"CHA.I.W2.ADN",188,0.644415426457396,3.37444398059647,"CSM_I_W2","CSM","Mar.","I","spring_2022",276
"CHA.I.W3.ADN",183,0.709985422246877,3.69865922591438,"CSM_I_W3","CSM","Mar.","I","spring_2022",276
"CHA.J.W1.ADN",68,0.362067807930419,1.52774790535862,"CSM_J_W1","CSM","Apr.","J","spring_2022",311
"CHA.J.W2.ADN",91,0.39645092399043,1.78833441934962,"CSM_J_W2","CSM","Apr.","J","spring_2022",311
"CHA.J.W3.ADN",73,0.394504129930107,1.69260396883066,"CSM_J_W3","CSM","Apr.","J","spring_2022",311
"CHA.K.W1.ADN",119,0.463834666108624,2.21672314971927,"CSM_K_W1","CSM","May","K","spring_2022",337
"CHA.K.W2.ADN",109,0.477212946177372,2.23877194442154,"CSM_K_W2","CSM","May","K","spring_2022",337
"CHA.K.W3.ADN",122,0.480474480701791,2.30820951674869,"CSM_K_W3","CSM","May","K","spring_2022",337
"CHA.L.W1.ADN",225,0.594488631468004,3.21981011599981,"CSM_L_W1","CSM","Jun.","L","summer_2022",372
"CHA.L.W2.ADN",246,0.587260603470805,3.23306432009849,"CSM_L_W2","CSM","Jun.","L","summer_2022",372
"CHA.L.W3.ADN",236,0.570536687882383,3.11731650118573,"CSM_L_W3","CSM","Jun.","L","summer_2022",372
"CHA.M.W1.ADN",130,0.557715717655077,2.71470046924665,"CSM_M_W1","CSM","Jul.","M","summer_2022",401
"CHA.M.W2.ADN",141,0.592633060138179,2.93279871772389,"CSM_M_W2","CSM","Jul.","M","summer_2022",401
"CHA.M.W3.ADN",113,0.553343164579974,2.61586773580311,"CSM_M_W3","CSM","Jul.","M","summer_2022",401
"CHA.N.W2.ADN",278,0.743267101579769,4.18282563396195,"CSM_N_W2","CSM","Aug.","N","summer_2022",429
"CHA.N.W3.ADN",295,0.740665722947233,4.21214771368653,"CSM_N_W3","CSM","Aug.","N","summer_2022",429
"CHA.O.W1.ADN",225,0.625431251947807,3.38739845522573,"CSM_O_W1","CSM","Sep.","O","fall_2022",464
"CHA.O.W2.ADN",249,0.620331377014552,3.42264915287688,"CSM_O_W2","CSM","Sep.","O","fall_2022",464
"CHA.O.W3.ADN",237,0.656047785000959,3.58730874384373,"CSM_O_W3","CSM","Sep.","O","fall_2022",464
"CHA.P.W1.ADN",218,0.647690364724821,3.48748557107686,"CSM_P_W1","CSM","Oct.","P","fall_2022",492
"CHA.P.W2.ADN",218,0.679380566765655,3.65812130750452,"CSM_P_W2","CSM","Oct.","P","fall_2022",492
"CHA.P.W3.ADN",203,0.646326818467541,3.43406751629679,"CSM_P_W3","CSM","Oct.","P","fall_2022",492
"CHA.Q.W1.ADN",217,0.534212212928583,2.87400687056347,"CSM_Q_W1","CSM","Nov.","Q","fall_2022",521
"CHA.Q.W2.ADN",215,0.533402908713023,2.86471394584807,"CSM_Q_W2","CSM","Nov.","Q","fall_2022",521
"CHA.Q.W3.ADN",223,0.544984257485644,2.94682349296653,"CSM_Q_W3","CSM","Nov.","Q","fall_2022",521
"CHA.R.W1.ADN",97,0.420616833998325,1.92420044823547,"CSM_R_W1","CSM","Dec.","R","winter_2022",543
"CHA.R.W2.ADN",106,0.404417421414365,1.88597601336374,"CSM_R_W2","CSM","Dec.","R","winter_2022",543
"CHA.R.W3.ADN",129,0.426678773909026,2.07357879812091,"CSM_R_W3","CSM","Dec.","R","winter_2022",543
"CRJ.A.W1.ADN",190,0.662434575244567,3.47581016253965,"CER-S_A_W1","CER-S","Jun.","A","summer_2021",1
"CRJ.A.W2.ADN",215,0.669216837655492,3.59412139737592,"CER-S_A_W2","CER-S","Jun.","A","summer_2021",1
"CRJ.A.W3.ADN",195,0.631883207524041,3.33191987433812,"CER-S_A_W3","CER-S","Jun.","A","summer_2021",1
"CRJ.B.W1.ADN",238,0.702415897800994,3.843809918257,"CER-S_B_W1","CER-S","Jul.","B","summer_2021",30
"CRJ.B.W2.ADN",214,0.685089121170044,3.67617179235086,"CER-S_B_W2","CER-S","Jul.","B","summer_2021",30
"CRJ.B.W3.ADN",188,0.659560834487845,3.45375203075129,"CER-S_B_W3","CER-S","Jul.","B","summer_2021",30
"CRJ.C.W1.ADN",221,0.70768475776261,3.82019746378675,"CER-S_C_W1","CER-S","Aug.","C","summer_2021",65
"CRJ.C.W2.ADN",283,0.737400343028733,4.16295447887262,"CER-S_C_W2","CER-S","Aug.","C","summer_2021",65
"CRJ.C.W3.ADN",226,0.654077503027607,3.54544999739777,"CER-S_C_W3","CER-S","Aug.","C","summer_2021",65
"CRJ.D.W1.ADN",181,0.612133922447962,3.18217637858284,"CER-S_D_W1","CER-S","Sep.","D","fall_2021",100
"CRJ.D.W2.ADN",206,0.594380665436538,3.16678658256863,"CER-S_D_W2","CER-S","Sep.","D","fall_2021",100
"CRJ.D.W3.ADN",172,0.599496595130861,3.08590541230458,"CER-S_D_W3","CER-S","Sep.","D","fall_2021",100
"CRJ.E.W1.ADN",103,0.559306811021962,2.59223549035776,"CER-S_E_W1","CER-S","Oct.","E","fall_2021",128
"CRJ.E.W2.ADN",88,0.489123700057428,2.18997154910092,"CER-S_E_W2","CER-S","Oct.","E","fall_2021",128
"CRJ.E.W3.ADN",101,0.464478803880562,2.14362565742707,"CER-S_E_W3","CER-S","Oct.","E","fall_2021",128
"CRJ.F.W1.ADN",91,0.349752332117317,1.57768363225784,"CER-S_F_W1","CER-S","Nov.","F","fall_2021",157
"CRJ.F.W2.ADN",76,0.370297672607054,1.6036604765898,"CER-S_F_W2","CER-S","Nov.","F","fall_2021",157
"CRJ.F.W3.ADN",66,0.349132361005375,1.46274405188105,"CER-S_F_W3","CER-S","Nov.","F","fall_2021",157
"CRJ.G.W1.ADN",129,0.648815942854275,3.15312376723082,"CER-S_G_W1","CER-S","Jan.","G","winter_2021",220
"CRJ.G.W2.ADN",116,0.637070044058289,3.02836991248318,"CER-S_G_W2","CER-S","Jan.","G","winter_2021",220
"CRJ.G.W3.ADN",115,0.660288391114846,3.13302360098611,"CER-S_G_W3","CER-S","Jan.","G","winter_2021",220
"CRJ.H.W1.ADN",94,0.623830518573988,2.83424594005799,"CER-S_H_W1","CER-S","Feb.","H","winter_2021",248
"CRJ.H.W2.ADN",83,0.627163081374185,2.77133369168709,"CER-S_H_W2","CER-S","Feb.","H","winter_2021",248
"CRJ.H.W3.ADN",91,0.62157435709824,2.8038345977237,"CER-S_H_W3","CER-S","Feb.","H","winter_2021",248
"CRJ.I.W1.ADN",59,0.433774130625327,1.76873025982242,"CER-S_I_W1","CER-S","Mar.","I","spring_2022",276
"CRJ.I.W2.ADN",97,0.45769583100974,2.09382614293549,"CER-S_I_W2","CER-S","Mar.","I","spring_2022",276
"CRJ.I.W3.ADN",75,0.456590480079077,1.97132397049525,"CER-S_I_W3","CER-S","Mar.","I","spring_2022",276
"CRJ.J.W1.ADN",161,0.65158374272329,3.31096047442704,"CER-S_J_W1","CER-S","Apr.","J","spring_2022",311
"CRJ.J.W2.ADN",175,0.569744796781235,2.94260993513162,"CER-S_J_W2","CER-S","Apr.","J","spring_2022",311
"CRJ.J.W3.ADN",111,0.591104948672594,2.78382660791876,"CER-S_J_W3","CER-S","Apr.","J","spring_2022",311
"CRJ.K.W1.ADN",191,0.686896094615489,3.60776610557794,"CER-S_K_W1","CER-S","May","K","spring_2022",337
"CRJ.K.W2.ADN",210,0.703648522777782,3.7624843151233,"CER-S_K_W2","CER-S","May","K","spring_2022",337
"CRJ.K.W3.ADN",173,0.735727230023849,3.79141695032504,"CER-S_K_W3","CER-S","May","K","spring_2022",337
"CRJ.L.W1.ADN",313,0.637102136146024,3.66091832742223,"CER-S_L_W1","CER-S","Jun.","L","summer_2022",372
"CRJ.L.W2.ADN",322,0.671877360997827,3.8797904533663,"CER-S_L_W2","CER-S","Jun.","L","summer_2022",372
"CRJ.L.W3.ADN",319,0.697209694937934,4.01954713003151,"CER-S_L_W3","CER-S","Jun.","L","summer_2022",372
"CRJ.M.W1.ADN",334,0.731543100229373,4.25110009787217,"CER-S_M_W1","CER-S","Jul.","M","summer_2022",401
"CRJ.M.W2.ADN",369,0.712462663153504,4.21122191837191,"CER-S_M_W2","CER-S","Jul.","M","summer_2022",401
"CRJ.M.W3.ADN",388,0.751519839979356,4.47981377894977,"CER-S_M_W3","CER-S","Jul.","M","summer_2022",401
"CRJ.N.W1.ADN",489,0.749800941166202,4.64303922265055,"CER-S_N_W1","CER-S","Aug.","N","summer_2022",429
"CRJ.N.W2.ADN",507,0.74200488156766,4.62158556956255,"CER-S_N_W2","CER-S","Aug.","N","summer_2022",429
"CRJ.N.W3.ADN",416,0.75956815953721,4.58071650388483,"CER-S_N_W3","CER-S","Aug.","N","summer_2022",429
"CRJ.O.W1.ADN",349,0.666249372295533,3.90093799291257,"CER-S_O_W1","CER-S","Sep.","O","fall_2022",464
"CRJ.O.W2.ADN",324,0.698004107469035,4.03498271824804,"CER-S_O_W2","CER-S","Sep.","O","fall_2022",464
"CRJ.O.W3.ADN",324,0.706455571407798,4.083838463611,"CER-S_O_W3","CER-S","Sep.","O","fall_2022",464
"CRJ.P.W1.ADN",398,0.676038153738294,4.0470699610954,"CER-S_P_W1","CER-S","Oct.","P","fall_2022",492
"CRJ.P.W2.ADN",309,0.608710001061143,3.48994217474432,"CER-S_P_W2","CER-S","Oct.","P","fall_2022",492
"CRJ.Q.W1.ADN",204,0.543588154093773,2.89086703070296,"CER-S_Q_W1","CER-S","Nov.","Q","fall_2022",521
"CRJ.Q.W2.ADN",227,0.507303590541723,2.7520966223777,"CER-S_Q_W2","CER-S","Nov.","Q","fall_2022",521
"CRJ.Q.W3.ADN",184,0.511220564381276,2.66598240121696,"CER-S_Q_W3","CER-S","Nov.","Q","fall_2022",521
"CRJ.R.W1.ADN",118,0.474975247370934,2.26595710963429,"CER-S_R_W1","CER-S","Dec.","R","winter_2022",543
"CRJ.R.W2.ADN",133,0.450554104137093,2.20336687038357,"CER-S_R_W2","CER-S","Dec.","R","winter_2022",543
"CRJ.R.W3.ADN",114,0.425081087717832,2.01326838809104,"CER-S_R_W3","CER-S","Dec.","R","winter_2022",543
"CTL.A.W1.ADN",147,0.576215548905806,2.87556485226813,"CRE_A_W1","CRE","Jun.","A","summer_2021",1
"CTL.A.W2.ADN",166,0.657876444772003,3.3630563519219,"CRE_A_W2","CRE","Jun.","A","summer_2021",1
"CTL.A.W3.ADN",170,0.657487329344093,3.37672239842574,"CRE_A_W3","CRE","Jun.","A","summer_2021",1
"CTL.B.W1.ADN",109,0.609288379092099,2.85838374692054,"CRE_B_W1","CRE","Jul.","B","summer_2021",30
"CTL.B.W2.ADN",116,0.573232654868937,2.72491312540684,"CRE_B_W2","CRE","Jul.","B","summer_2021",30
"CTL.B.W3.ADN",122,0.606762678857952,2.91490067839233,"CRE_B_W3","CRE","Jul.","B","summer_2021",30
"CTL.C.W1.ADN",88,0.282973895604239,1.26696944032517,"CRE_C_W1","CRE","Aug.","C","summer_2021",65
"CTL.C.W2.ADN",75,0.291792544890525,1.25981084418335,"CRE_C_W2","CRE","Aug.","C","summer_2021",65
"CTL.C.W3.ADN",103,0.352291241475555,1.63277442916616,"CRE_C_W3","CRE","Aug.","C","summer_2021",65
"CTL.D.W1.ADN",124,0.572337473103387,2.75882777090522,"CRE_D_W1","CRE","Sep.","D","fall_2021",100
"CTL.D.W2.ADN",122,0.555727535648142,2.66972677639143,"CRE_D_W2","CRE","Sep.","D","fall_2021",100
"CTL.D.W3.ADN",127,0.566216825144568,2.7428602325009,"CRE_D_W3","CRE","Sep.","D","fall_2021",100
"CTL.E.W1.ADN",144,0.704987027626069,3.50365390592459,"CRE_E_W1","CRE","Oct.","E","fall_2021",128
"CTL.E.W2.ADN",146,0.688626767642652,3.43184491910953,"CRE_E_W2","CRE","Oct.","E","fall_2021",128
"CTL.E.W3.ADN",121,0.697668505818885,3.34587202416681,"CRE_E_W3","CRE","Oct.","E","fall_2021",128
"CTL.F.W1.ADN",113,0.603919161929374,2.85496008959189,"CRE_F_W1","CRE","Nov.","F","fall_2021",157
"CTL.F.W2.ADN",103,0.606461744898047,2.8107858293313,"CRE_F_W2","CRE","Nov.","F","fall_2021",157
"CTL.F.W3.ADN",118,0.606429753597739,2.89308510130724,"CRE_F_W3","CRE","Nov.","F","fall_2021",157
"CTL.G.W1.ADN",92,0.622883418889238,2.81654712836661,"CRE_G_W1","CRE","Jan.","G","winter_2021",220
"CTL.G.W2.ADN",88,0.639077601213295,2.86136567122071,"CRE_G_W2","CRE","Jan.","G","winter_2021",220
"CTL.G.W3.ADN",106,0.641069500200592,2.98958856927832,"CRE_G_W3","CRE","Jan.","G","winter_2021",220
"CTL.H.W1.ADN",111,0.572359826171228,2.69554588737128,"CRE_H_W1","CRE","Feb.","H","winter_2021",248
"CTL.H.W2.ADN",78,0.615034686011652,2.67952704526722,"CRE_H_W2","CRE","Feb.","H","winter_2021",248
"CTL.H.W3.ADN",96,0.555955769205148,2.53757570970763,"CRE_H_W3","CRE","Feb.","H","winter_2021",248
"CTL.I.W1.ADN",82,0.556880777346389,2.45401723996381,"CRE_I_W1","CRE","Mar.","I","spring_2022",276
"CTL.I.W2.ADN",78,0.575622247808938,2.5078185278681,"CRE_I_W2","CRE","Mar.","I","spring_2022",276
"CTL.I.W3.ADN",85,0.539500697698151,2.39681345250609,"CRE_I_W3","CRE","Mar.","I","spring_2022",276
"CTL.J.W1.ADN",75,0.475004608138728,2.05082674951393,"CRE_J_W1","CRE","Apr.","J","spring_2022",311
"CTL.J.W2.ADN",60,0.466797371440428,1.91122927941669,"CRE_J_W2","CRE","Apr.","J","spring_2022",311
"CTL.J.W3.ADN",57,0.44767415933377,1.80996957747117,"CRE_J_W3","CRE","Apr.","J","spring_2022",311
"CTL.K.W1.ADN",126,0.676268428686564,3.27062476589934,"CRE_K_W1","CRE","May","K","spring_2022",337
"CTL.K.W2.ADN",105,0.681367336094874,3.171056566078,"CRE_K_W2","CRE","May","K","spring_2022",337
"CTL.K.W3.ADN",116,0.69896461069012,3.32259131730703,"CRE_K_W3","CRE","May","K","spring_2022",337
"CTL.L.W1.ADN",287,0.619640897245494,3.50684663811821,"CRE_L_W1","CRE","Jun.","L","summer_2022",372
"CTL.L.W2.ADN",186,0.559161468760899,2.92203618544585,"CRE_L_W2","CRE","Jun.","L","summer_2022",372
"CTL.L.W3.ADN",189,0.57306180425501,3.00384500189839,"CRE_L_W3","CRE","Jun.","L","summer_2022",372
"CTL.M.W1.ADN",189,0.533972415896751,2.79894831715098,"CRE_M_W1","CRE","Jul.","M","summer_2022",401
"CTL.M.W2.ADN",180,0.503229308752804,2.61324808645662,"CRE_M_W2","CRE","Jul.","M","summer_2022",401
"CTL.M.W3.ADN",184,0.486464935834905,2.53688338870841,"CRE_M_W3","CRE","Jul.","M","summer_2022",401
"CTL.N.W1.ADN",253,0.702761295332736,3.8886519646787,"CRE_N_W1","CRE","Aug.","N","summer_2022",429
"CTL.N.W2.ADN",249,0.678522449345349,3.74371565345682,"CRE_N_W2","CRE","Aug.","N","summer_2022",429
"CTL.N.W3.ADN",219,0.66378976982233,3.57721068309092,"CRE_N_W3","CRE","Aug.","N","summer_2022",429
"CTL.O.W1.ADN",165,0.637444606658622,3.25475740423093,"CRE_O_W1","CRE","Sep.","O","fall_2022",464
"CTL.O.W2.ADN",186,0.64011903803006,3.34509993376608,"CRE_O_W2","CRE","Sep.","O","fall_2022",464
"CTL.O.W3.ADN",169,0.610710271368412,3.13288183628314,"CRE_O_W3","CRE","Sep.","O","fall_2022",464
"CTL.P.W1.ADN",163,0.65306942902404,3.32657253523196,"CRE_P_W1","CRE","Oct.","P","fall_2022",492
"CTL.P.W2.ADN",156,0.644479902160787,3.25453070547825,"CRE_P_W2","CRE","Oct.","P","fall_2022",492
"CTL.P.W3.ADN",152,0.645035457447197,3.24058106992414,"CRE_P_W3","CRE","Oct.","P","fall_2022",492
"CTL.Q.W1.ADN",64,0.266486559130381,1.10828644271007,"CRE_Q_W1","CRE","Nov.","Q","fall_2022",521
"CTL.Q.W2.ADN",75,0.302921185601565,1.30785861817308,"CRE_Q_W2","CRE","Nov.","Q","fall_2022",521
"CTL.Q.W3.ADN",52,0.260032310658177,1.02745103411634,"CRE_Q_W3","CRE","Nov.","Q","fall_2022",521
"CTL.R.W1.ADN",128,0.267109006451719,1.29602098306924,"CRE_R_W1","CRE","Dec.","R","winter_2022",543
"CTL.R.W2.ADN",108,0.272357081160382,1.27521159462943,"CRE_R_W2","CRE","Dec.","R","winter_2022",543
"CTL.R.W3.ADN",116,0.294456368785913,1.39972490636951,"CRE_R_W3","CRE","Dec.","R","winter_2022",543
"GDP.A.W1.ADN",201,0.751065226432798,3.98312790161356,"LGP_A_W1","LGP","Jun.","A","summer_2021",1
"GDP.A.W2.ADN",188,0.676666465613557,3.54332467537866,"LGP_A_W2","LGP","Jun.","A","summer_2021",1
"GDP.A.W3.ADN",209,0.768744529010969,4.10689022834586,"LGP_A_W3","LGP","Jun.","A","summer_2021",1
"GDP.B.W1.ADN",119,0.601519118770508,2.87473415207188,"LGP_B_W1","LGP","Jul.","B","summer_2021",30
"GDP.B.W2.ADN",185,0.643611404477331,3.35988054445008,"LGP_B_W2","LGP","Jul.","B","summer_2021",30
"GDP.B.W3.ADN",147,0.633123247013543,3.15955888334355,"LGP_B_W3","LGP","Jul.","B","summer_2021",30
"GDP.C.W1.ADN",215,0.772530288376931,4.14898054463757,"LGP_C_W1","LGP","Aug.","C","summer_2021",65
"GDP.C.W2.ADN",224,0.751009195128696,4.06419594572504,"LGP_C_W2","LGP","Aug.","C","summer_2021",65
"GDP.C.W3.ADN",258,0.757097872822655,4.20413388961433,"LGP_C_W3","LGP","Aug.","C","summer_2021",65
"GDP.D.W1.ADN",161,0.594010459124758,3.01840733984297,"LGP_D_W1","LGP","Sep.","D","fall_2021",100
"GDP.D.W2.ADN",211,0.672590515271989,3.59960901965725,"LGP_D_W2","LGP","Sep.","D","fall_2021",100
"GDP.D.W3.ADN",173,0.622983498555961,3.21041562661925,"LGP_D_W3","LGP","Sep.","D","fall_2021",100
"GDP.E.W1.ADN",68,0.454496783538369,1.9177526801179,"LGP_E_W1","LGP","Oct.","E","fall_2021",128
"GDP.E.W2.ADN",63,0.445357726473098,1.84517706221748,"LGP_E_W2","LGP","Oct.","E","fall_2021",128
"GDP.E.W3.ADN",75,0.433447313984407,1.87140362597192,"LGP_E_W3","LGP","Oct.","E","fall_2021",128
"GDP.F.W1.ADN",42,0.31744419920499,1.18650153886878,"LGP_F_W1","LGP","Nov.","F","fall_2021",157
"GDP.F.W2.ADN",46,0.328297320002098,1.25693270971646,"LGP_F_W2","LGP","Nov.","F","fall_2021",157
"GDP.F.W3.ADN",40,0.316398013972431,1.16715413306536,"LGP_F_W3","LGP","Nov.","F","fall_2021",157
"GDP.G.W1.ADN",123,0.571446303163089,2.74990496001682,"LGP_G_W1","LGP","Jan.","G","winter_2021",220
"GDP.G.W2.ADN",115,0.578799596492972,2.74636480128319,"LGP_G_W2","LGP","Jan.","G","winter_2021",220
"GDP.G.W3.ADN",110,0.599825540366136,2.81946817539185,"LGP_G_W3","LGP","Jan.","G","winter_2021",220
"GDP.H.W1.ADN",132,0.554302679755129,2.70655019040312,"LGP_H_W1","LGP","Feb.","H","winter_2021",248
"GDP.H.W2.ADN",117,0.452622864452418,2.1554688073888,"LGP_H_W2","LGP","Feb.","H","winter_2021",248
"GDP.H.W3.ADN",91,0.465751957275083,2.10094164415314,"LGP_H_W3","LGP","Feb.","H","winter_2021",248
"GDP.I.W1.ADN",203,0.689226453952486,3.66200211605412,"LGP_I_W1","LGP","Mar.","I","spring_2022",276
"GDP.I.W2.ADN",237,0.714360779547795,3.90616770503552,"LGP_I_W2","LGP","Mar.","I","spring_2022",276
"GDP.I.W3.ADN",210,0.665990491951325,3.56112277489916,"LGP_I_W3","LGP","Mar.","I","spring_2022",276
"GDP.J.W1.ADN",132,0.707378968957029,3.45399138962055,"LGP_J_W1","LGP","Apr.","J","spring_2022",311
"GDP.J.W2.ADN",115,0.651137036137729,3.08960104273713,"LGP_J_W2","LGP","Apr.","J","spring_2022",311
"GDP.J.W3.ADN",130,0.719049726692177,3.49999931626484,"LGP_J_W3","LGP","Apr.","J","spring_2022",311
"GDP.K.W1.ADN",159,0.63213624935352,3.20423809072379,"LGP_K_W1","LGP","May","K","spring_2022",337
"GDP.K.W2.ADN",159,0.652385197065435,3.30687806687125,"LGP_K_W2","LGP","May","K","spring_2022",337
"GDP.K.W3.ADN",150,0.633307850292679,3.17327466670473,"LGP_K_W3","LGP","May","K","spring_2022",337
"GDP.L.W1.ADN",267,0.655686959435215,3.66348608443494,"LGP_L_W1","LGP","Jun.","L","summer_2022",372
"GDP.L.W2.ADN",284,0.692675845380169,3.91290800594911,"LGP_L_W2","LGP","Jun.","L","summer_2022",372
"GDP.L.W3.ADN",311,0.72097596836095,4.13825275304974,"LGP_L_W3","LGP","Jun.","L","summer_2022",372
"GDP.M.W1.ADN",386,0.754238532199584,4.49212203556458,"LGP_M_W1","LGP","Jul.","M","summer_2022",401
"GDP.M.W2.ADN",359,0.724431520089112,4.26206418106687,"LGP_M_W2","LGP","Jul.","M","summer_2022",401
"GDP.M.W3.ADN",332,0.739256901576699,4.29148609035575,"LGP_M_W3","LGP","Jul.","M","summer_2022",401
"GDP.N.W1.ADN",459,0.771684781469932,4.72969477196881,"LGP_N_W1","LGP","Aug.","N","summer_2022",429
"GDP.N.W2.ADN",415,0.770544320967557,4.64505577897448,"LGP_N_W2","LGP","Aug.","N","summer_2022",429
"GDP.N.W3.ADN",444,0.75346822959563,4.59301014098136,"LGP_N_W3","LGP","Aug.","N","summer_2022",429
"GDP.O.W1.ADN",588,0.798039144468472,5.08887771801007,"LGP_O_W1","LGP","Sep.","O","fall_2022",464
"GDP.O.W2.ADN",348,0.803850541181554,4.70429613047074,"LGP_O_W2","LGP","Sep.","O","fall_2022",464
"GDP.O.W3.ADN",398,0.79603811680437,4.76544398062637,"LGP_O_W3","LGP","Sep.","O","fall_2022",464
"GDP.P.W1.ADN",343,0.544885811404168,3.18089649146283,"LGP_P_W1","LGP","Oct.","P","fall_2022",492
"GDP.P.W2.ADN",311,0.525813924003608,3.01806303412106,"LGP_P_W2","LGP","Oct.","P","fall_2022",492
"GDP.P.W3.ADN",199,0.476819839644486,2.52395275771452,"LGP_P_W3","LGP","Oct.","P","fall_2022",492
"GDP.Q.W1.ADN",174,0.458530026509719,2.36558176311394,"LGP_Q_W1","LGP","Nov.","Q","fall_2022",521
"GDP.Q.W2.ADN",132,0.392998944112748,1.91893599988814,"LGP_Q_W2","LGP","Nov.","Q","fall_2022",521
"GDP.Q.W3.ADN",153,0.471224615026799,2.37046617292436,"LGP_Q_W3","LGP","Nov.","Q","fall_2022",521
"GDP.R.W1.ADN",113,0.480908254690725,2.27343982514314,"LGP_R_W1","LGP","Dec.","R","winter_2022",543
"GDP.R.W2.ADN",125,0.454876980888129,2.19628877560475,"LGP_R_W2","LGP","Dec.","R","winter_2022",543
"GDP.R.W3.ADN",129,0.473999337362476,2.30354785937338,"LGP_R_W3","LGP","Dec.","R","winter_2022",543
"JAB.A.W1.ADN",119,0.663031576737401,3.1687097850605,"JAB_A_W1","JAB","Jun.","A","summer_2021",1
"JAB.A.W2.ADN",119,0.622818456086505,2.97652631542647,"JAB_A_W2","JAB","Jun.","A","summer_2021",1
"JAB.A.W3.ADN",128,0.609215239154104,2.95593077761674,"JAB_A_W3","JAB","Jun.","A","summer_2021",1
"JAB.B.W1.ADN",117,0.666266334139663,3.17287617007315,"JAB_B_W1","JAB","Jul.","B","summer_2021",30
"JAB.B.W2.ADN",129,0.659671616240988,3.20588030341327,"JAB_B_W2","JAB","Jul.","B","summer_2021",30
"JAB.B.W3.ADN",142,0.675643325206827,3.34837147234768,"JAB_B_W3","JAB","Jul.","B","summer_2021",30
"JAB.C.W1.ADN",110,0.646434837805411,3.03855426286854,"JAB_C_W1","JAB","Aug.","C","summer_2021",65
"JAB.C.W2.ADN",86,0.530207168398198,2.36172686700874,"JAB_C_W2","JAB","Aug.","C","summer_2021",65
"JAB.C.W3.ADN",129,0.650604666472975,3.16181662846095,"JAB_C_W3","JAB","Aug.","C","summer_2021",65
"JAB.D.W1.ADN",177,0.636502925876419,3.29463444955769,"JAB_D_W1","JAB","Sep.","D","fall_2021",100
"JAB.D.W2.ADN",186,0.663706489871686,3.46836198176883,"JAB_D_W2","JAB","Sep.","D","fall_2021",100
"JAB.D.W3.ADN",191,0.645453046356538,3.39009588443019,"JAB_D_W3","JAB","Sep.","D","fall_2021",100
"JAB.E.W1.ADN",107,0.588516615831049,2.75003741201526,"JAB_E_W1","JAB","Oct.","E","fall_2021",128
"JAB.E.W2.ADN",118,0.614744932776998,2.9327541987674,"JAB_E_W2","JAB","Oct.","E","fall_2021",128
"JAB.E.W3.ADN",90,0.641110333998212,2.88487448067382,"JAB_E_W3","JAB","Oct.","E","fall_2021",128
"JAB.F.W1.ADN",121,0.608638686360557,2.91890365773238,"JAB_F_W1","JAB","Nov.","F","fall_2021",157
"JAB.F.W2.ADN",123,0.62535361533103,3.00931688427156,"JAB_F_W2","JAB","Nov.","F","fall_2021",157
"JAB.F.W3.ADN",116,0.575888554648622,2.73753818454811,"JAB_F_W3","JAB","Nov.","F","fall_2021",157
"JAB.G.W1.ADN",81,0.683649910005085,3.00426476911373,"JAB_G_W1","JAB","Jan.","G","winter_2021",220
"JAB.G.W2.ADN",84,0.686268957754177,3.0407320265419,"JAB_G_W2","JAB","Jan.","G","winter_2021",220
"JAB.G.W3.ADN",94,0.680185870259906,3.09028491532561,"JAB_G_W3","JAB","Jan.","G","winter_2021",220
"JAB.H.W1.ADN",127,0.63397575812925,3.07109718065751,"JAB_H_W1","JAB","Feb.","H","winter_2021",248
"JAB.H.W2.ADN",142,0.634829549897706,3.14610546034788,"JAB_H_W2","JAB","Feb.","H","winter_2021",248
"JAB.H.W3.ADN",125,0.645724311477411,3.11775956361645,"JAB_H_W3","JAB","Feb.","H","winter_2021",248
"JAB.I.W1.ADN",51,0.40743314104049,1.60195606756438,"JAB_I_W1","JAB","Mar.","I","spring_2022",276
"JAB.I.W2.ADN",54,0.376834448394121,1.50318660284,"JAB_I_W2","JAB","Mar.","I","spring_2022",276
"JAB.I.W3.ADN",57,0.351745635621506,1.4221256380548,"JAB_I_W3","JAB","Mar.","I","spring_2022",276
"JAB.J.W1.ADN",85,0.668470439824206,2.96978103941164,"JAB_J_W1","JAB","Apr.","J","spring_2022",311
"JAB.J.W2.ADN",68,0.671368359259786,2.83284396490811,"JAB_J_W2","JAB","Apr.","J","spring_2022",311
"JAB.J.W3.ADN",91,0.728909380867608,3.28800781007596,"JAB_J_W3","JAB","Apr.","J","spring_2022",311
"JAB.K.W1.ADN",107,0.700072791261811,3.27132032523042,"JAB_K_W1","JAB","May","K","spring_2022",337
"JAB.K.W2.ADN",141,0.630420103752327,3.11979772353756,"JAB_K_W2","JAB","May","K","spring_2022",337
"JAB.K.W3.ADN",109,0.627450428261491,2.94358823782832,"JAB_K_W3","JAB","May","K","spring_2022",337
"JAB.L.W1.ADN",177,0.702824669572899,3.63792572545605,"JAB_L_W1","JAB","Jun.","L","summer_2022",372
"JAB.L.W2.ADN",167,0.635878770457527,3.2544236126488,"JAB_L_W2","JAB","Jun.","L","summer_2022",372
"JAB.L.W3.ADN",171,0.676455050783153,3.4781042822239,"JAB_L_W3","JAB","Jun.","L","summer_2022",372
"JAB.M.W1.ADN",216,0.664779896298878,3.57337702243788,"JAB_M_W1","JAB","Jul.","M","summer_2022",401
"JAB.M.W2.ADN",221,0.671854794311662,3.6267814914891,"JAB_M_W2","JAB","Jul.","M","summer_2022",401
"JAB.M.W3.ADN",239,0.711354470244401,3.89570682879701,"JAB_M_W3","JAB","Jul.","M","summer_2022",401
"JAB.N.W1.ADN",200,0.595372835788132,3.15447423542721,"JAB_N_W1","JAB","Aug.","N","summer_2022",429
"JAB.N.W2.ADN",201,0.686596919638305,3.64123281377607,"JAB_N_W2","JAB","Aug.","N","summer_2022",429
"JAB.N.W3.ADN",229,0.707456530197058,3.84412211468989,"JAB_N_W3","JAB","Aug.","N","summer_2022",429
"JAB.O.W1.ADN",247,0.65526263418148,3.61009631418757,"JAB_O_W1","JAB","Sep.","O","fall_2022",464
"JAB.O.W2.ADN",206,0.653395434273934,3.48120996306401,"JAB_O_W2","JAB","Sep.","O","fall_2022",464
"JAB.O.W3.ADN",262,0.668576841956976,3.72286618325308,"JAB_O_W3","JAB","Sep.","O","fall_2022",464
"JAB.P.W1.ADN",165,0.629763985412212,3.21554057094107,"JAB_P_W1","JAB","Oct.","P","fall_2022",492
"JAB.P.W2.ADN",160,0.678418274579522,3.4430906629221,"JAB_P_W2","JAB","Oct.","P","fall_2022",492
"JAB.P.W3.ADN",154,0.666366152811606,3.35645472756478,"JAB_P_W3","JAB","Oct.","P","fall_2022",492
"JAB.Q.W1.ADN",214,0.628267565659944,3.37126868834742,"JAB_Q_W1","JAB","Nov.","Q","fall_2022",521
"JAB.Q.W2.ADN",247,0.647880515854699,3.56942535757839,"JAB_Q_W2","JAB","Nov.","Q","fall_2022",521
"JAB.Q.W3.ADN",169,0.594865500768775,3.05159976794581,"JAB_Q_W3","JAB","Nov.","Q","fall_2022",521
"JAB.R.W1.ADN",157,0.638242308098208,3.22710999311739,"JAB_R_W1","JAB","Dec.","R","winter_2022",543
"JAB.R.W2.ADN",149,0.611092698897498,3.05787505323837,"JAB_R_W2","JAB","Dec.","R","winter_2022",543
"JAB.R.W3.ADN",145,0.619956343469723,3.08535765337345,"JAB_R_W3","JAB","Dec.","R","winter_2022",543
"TRI.B.W2.ADN",282,0.752300224869383,4.24440795815891,"CER-L_B_W2","CER-L","Jul.","B","summer_2021",30
"TRI.B.W3.ADN",260,0.742174152846472,4.12699417874789,"CER-L_B_W3","CER-L","Jul.","B","summer_2021",30
"TRI.C.W1.ADN",301,0.711687527667231,4.0616791944434,"CER-L_C_W1","CER-L","Aug.","C","summer_2021",65
"TRI.C.W2.ADN",260,0.752580828749614,4.18486239028242,"CER-L_C_W2","CER-L","Aug.","C","summer_2021",65
"TRI.C.W3.ADN",184,0.71114852789894,3.70859388711117,"CER-L_C_W3","CER-L","Aug.","C","summer_2021",65
"TRI.D.W1.ADN",318,0.668467730222483,3.85174540927238,"CER-L_D_W1","CER-L","Sep.","D","fall_2021",100
"TRI.D.W2.ADN",226,0.580701674440815,3.14771375044246,"CER-L_D_W2","CER-L","Sep.","D","fall_2021",100
"TRI.D.W3.ADN",268,0.714172701444926,3.99293027561485,"CER-L_D_W3","CER-L","Sep.","D","fall_2021",100
"TRI.E.W1.ADN",165,0.553493281857044,2.82610651733235,"CER-L_E_W1","CER-L","Oct.","E","fall_2021",128
"TRI.E.W2.ADN",128,0.526113950929208,2.55272081217884,"CER-L_E_W2","CER-L","Oct.","E","fall_2021",128
"TRI.E.W3.ADN",156,0.529156033054364,2.67216177229192,"CER-L_E_W3","CER-L","Oct.","E","fall_2021",128
"TRI.F.W1.ADN",145,0.521229450424334,2.59402019347012,"CER-L_F_W1","CER-L","Nov.","F","fall_2021",157
"TRI.F.W2.ADN",129,0.557315617006819,2.70844934867422,"CER-L_F_W2","CER-L","Nov.","F","fall_2021",157
"TRI.F.W3.ADN",142,0.604419933455374,2.9954006603717,"CER-L_F_W3","CER-L","Nov.","F","fall_2021",157
"TRI.G.W1.ADN",169,0.712791197735519,3.65654664927192,"CER-L_G_W1","CER-L","Jan.","G","winter_2021",220
"TRI.G.W2.ADN",145,0.72845867116636,3.62534484875248,"CER-L_G_W2","CER-L","Jan.","G","winter_2021",220
"TRI.G.W3.ADN",159,0.720643647828492,3.65287361478116,"CER-L_G_W3","CER-L","Jan.","G","winter_2021",220
"TRI.H.W1.ADN",164,0.655124989067574,3.34104993777441,"CER-L_H_W1","CER-L","Feb.","H","winter_2021",248
"TRI.H.W2.ADN",180,0.677126880479527,3.51629067290807,"CER-L_H_W2","CER-L","Feb.","H","winter_2021",248
"TRI.H.W3.ADN",150,0.667226186489206,3.34322707916806,"CER-L_H_W3","CER-L","Feb.","H","winter_2021",248
"TRI.I.W1.ADN",178,0.623781028012067,3.23229826993722,"CER-L_I_W1","CER-L","Mar.","I","spring_2022",276
"TRI.I.W2.ADN",163,0.686724393837817,3.49800251901028,"CER-L_I_W2","CER-L","Mar.","I","spring_2022",276
"TRI.I.W3.ADN",208,0.63148394497727,3.37056960303619,"CER-L_I_W3","CER-L","Mar.","I","spring_2022",276
"TRI.J.W1.ADN",199,0.694889864018085,3.67826386985908,"CER-L_J_W1","CER-L","Apr.","J","spring_2022",311
"TRI.J.W2.ADN",171,0.71742011413179,3.68873285553341,"CER-L_J_W2","CER-L","Apr.","J","spring_2022",311
"TRI.J.W3.ADN",168,0.701321312127762,3.59354514133048,"CER-L_J_W3","CER-L","Apr.","J","spring_2022",311
"TRI.K.W1.ADN",183,0.687709343009596,3.58261229958816,"CER-L_K_W1","CER-L","May","K","spring_2022",337
"TRI.K.W2.ADN",155,0.702672122665449,3.54387423240989,"CER-L_K_W2","CER-L","May","K","spring_2022",337
"TRI.K.W3.ADN",188,0.727065759937194,3.80723765507197,"CER-L_K_W3","CER-L","May","K","spring_2022",337
"TRI.L.W1.ADN",456,0.779430209792263,4.77205585497142,"CER-L_L_W1","CER-L","Jun.","L","summer_2022",372
"TRI.L.W2.ADN",385,0.763618698409014,4.54600792624097,"CER-L_L_W2","CER-L","Jun.","L","summer_2022",372
"TRI.L.W3.ADN",326,0.768948672104066,4.44982705700443,"CER-L_L_W3","CER-L","Jun.","L","summer_2022",372
"TRI.M.W1.ADN",390,0.73667088841243,4.39508661870918,"CER-L_M_W1","CER-L","Jul.","M","summer_2022",401
"TRI.M.W2.ADN",311,0.733833416517518,4.21205184284752,"CER-L_M_W2","CER-L","Jul.","M","summer_2022",401
"TRI.M.W3.ADN",445,0.709821770061511,4.32854588093382,"CER-L_M_W3","CER-L","Jul.","M","summer_2022",401
"TRI.N.W1.ADN",465,0.753191340646008,4.62612938781227,"CER-L_N_W1","CER-L","Aug.","N","summer_2022",429
"TRI.N.W2.ADN",417,0.786122316092328,4.74274371386519,"CER-L_N_W2","CER-L","Aug.","N","summer_2022",429
"TRI.N.W3.ADN",454,0.775970417669167,4.7474624381047,"CER-L_N_W3","CER-L","Aug.","N","summer_2022",429
"TRI.O.W1.ADN",437,0.756955888588891,4.60224123425468,"CER-L_O_W1","CER-L","Sep.","O","fall_2022",464
"TRI.O.W2.ADN",400,0.776326795519471,4.65133447232486,"CER-L_O_W2","CER-L","Sep.","O","fall_2022",464
"TRI.O.W3.ADN",456,0.764729288182409,4.68204956812186,"CER-L_O_W3","CER-L","Sep.","O","fall_2022",464
"TRI.P.W1.ADN",333,0.658885130670568,3.82689872346404,"CER-L_P_W1","CER-L","Oct.","P","fall_2022",492
"TRI.P.W2.ADN",270,0.587618882874435,3.28973845740633,"CER-L_P_W2","CER-L","Oct.","P","fall_2022",492
"TRI.P.W3.ADN",311,0.650308971380392,3.73263882465574,"CER-L_P_W3","CER-L","Oct.","P","fall_2022",492
"TRI.Q.W1.ADN",256,0.579436890099784,3.21308037348071,"CER-L_Q_W1","CER-L","Nov.","Q","fall_2022",521
"TRI.Q.W2.ADN",315,0.531356337521401,3.05666592869221,"CER-L_Q_W2","CER-L","Nov.","Q","fall_2022",521
"TRI.Q.W3.ADN",340,0.562360853456971,3.27797083227355,"CER-L_Q_W3","CER-L","Nov.","Q","fall_2022",521
"TRI.R.W1.ADN",147,0.543727801792167,2.7134369404012,"CER-L_R_W1","CER-L","Dec.","R","winter_2022",543
"TRI.R.W2.ADN",147,0.547755265246632,2.73353572526642,"CER-L_R_W2","CER-L","Dec.","R","winter_2022",543
"TRI.R.W3.ADN",146,0.576116711711331,2.87113905936142,"CER-L_R_W3","CER-L","Dec.","R","winter_2022",543
"VAI.A.W1.ADN",105,0.704261047415449,3.27760299083191,"VSM_A_W1","VSM","Jun.","A","summer_2021",1
"VAI.A.W2.ADN",117,0.701063052421569,3.33858419489175,"VSM_A_W2","VSM","Jun.","A","summer_2021",1
"VAI.A.W3.ADN",123,0.707078123169795,3.40259028234378,"VSM_A_W3","VSM","Jun.","A","summer_2021",1
"VAI.B.W2.ADN",250,0.708245837400683,3.91055171144649,"VSM_B_W2","VSM","Jul.","B","summer_2021",30
"VAI.B.W3.ADN",237,0.738151666714761,4.03625770687545,"VSM_B_W3","VSM","Jul.","B","summer_2021",30
"VAI.C.W1.ADN",207,0.636351838915504,3.39348541051368,"VSM_C_W1","VSM","Aug.","C","summer_2021",65
"VAI.C.W2.ADN",196,0.673151239625201,3.55296942574497,"VSM_C_W2","VSM","Aug.","C","summer_2021",65
"VAI.C.W3.ADN",235,0.672060620318506,3.66917242731766,"VSM_C_W3","VSM","Aug.","C","summer_2021",65
"VAI.D.W1.ADN",201,0.611974386249865,3.24548676620535,"VSM_D_W1","VSM","Sep.","D","fall_2021",100
"VAI.D.W2.ADN",225,0.636561821919845,3.44768273972805,"VSM_D_W2","VSM","Sep.","D","fall_2021",100
"VAI.D.W3.ADN",234,0.61705034585017,3.3662077809552,"VSM_D_W3","VSM","Sep.","D","fall_2021",100
"VAI.E.W1.ADN",108,0.594439491965911,2.78324370796945,"VSM_E_W1","VSM","Oct.","E","fall_2021",128
"VAI.E.W2.ADN",141,0.611556912538295,3.02644831945302,"VSM_E_W2","VSM","Oct.","E","fall_2021",128
"VAI.E.W3.ADN",159,0.658557325776307,3.33816399603044,"VSM_E_W3","VSM","Oct.","E","fall_2021",128
"VAI.F.W1.ADN",129,0.584437383113242,2.84025604402641,"VSM_F_W1","VSM","Nov.","F","fall_2021",157
"VAI.F.W2.ADN",145,0.598870024216102,2.9804166568405,"VSM_F_W2","VSM","Nov.","F","fall_2021",157
"VAI.F.W3.ADN",145,0.632250057751821,3.14654019606084,"VSM_F_W3","VSM","Nov.","F","fall_2021",157
"VAI.G.W1.ADN",136,0.618620001541974,3.03906657298923,"VSM_G_W1","VSM","Jan.","G","winter_2021",220
"VAI.G.W2.ADN",138,0.59252076664146,2.91950013096631,"VSM_G_W2","VSM","Jan.","G","winter_2021",220
"VAI.G.W3.ADN",146,0.595045912823824,2.96547475136929,"VSM_G_W3","VSM","Jan.","G","winter_2021",220
"VAI.H.W1.ADN",143,0.666261610277017,3.30655285491161,"VSM_H_W1","VSM","Feb.","H","winter_2021",248
"VAI.H.W2.ADN",161,0.669860753202087,3.40383335525286,"VSM_H_W2","VSM","Feb.","H","winter_2021",248
"VAI.H.W3.ADN",157,0.624753321023928,3.15890635880466,"VSM_H_W3","VSM","Feb.","H","winter_2021",248
"VAI.I.W1.ADN",168,0.672664628338208,3.44670932582366,"VSM_I_W1","VSM","Mar.","I","spring_2022",276
"VAI.I.W2.ADN",169,0.678519594648414,3.48073679663702,"VSM_I_W2","VSM","Mar.","I","spring_2022",276
"VAI.I.W3.ADN",170,0.666486424398821,3.42293993674268,"VSM_I_W3","VSM","Mar.","I","spring_2022",276
"VAI.J.W1.ADN",170,0.67178225389932,3.45013824961423,"VSM_J_W1","VSM","Apr.","J","spring_2022",311
"VAI.J.W2.ADN",147,0.591442144555814,2.95155215138564,"VSM_J_W2","VSM","Apr.","J","spring_2022",311
"VAI.J.W3.ADN",152,0.674521298006033,3.38871440994845,"VSM_J_W3","VSM","Apr.","J","spring_2022",311
"VAI.K.W1.ADN",144,0.73360372138797,3.64587353117238,"VSM_K_W1","VSM","May","K","spring_2022",337
"VAI.K.W2.ADN",173,0.718165358386031,3.70091550483022,"VSM_K_W2","VSM","May","K","spring_2022",337
"VAI.K.W3.ADN",144,0.748646630949299,3.72063398317459,"VSM_K_W3","VSM","May","K","spring_2022",337
"VAI.L.W1.ADN",241,0.707599115455198,3.88103745858937,"VSM_L_W1","VSM","Jun.","L","summer_2022",372
"VAI.L.W2.ADN",334,0.719533752968352,4.18131208770476,"VSM_L_W2","VSM","Jun.","L","summer_2022",372
"VAI.L.W3.ADN",276,0.690421175379941,3.88044377181487,"VSM_L_W3","VSM","Jun.","L","summer_2022",372
"VAI.M.W1.ADN",307,0.694821494042998,3.97913690813531,"VSM_M_W1","VSM","Jul.","M","summer_2022",401
"VAI.M.W2.ADN",249,0.722746453266257,3.9877195119835,"VSM_M_W2","VSM","Jul.","M","summer_2022",401
"VAI.M.W3.ADN",248,0.72923830150077,4.02060341429887,"VSM_M_W3","VSM","Jul.","M","summer_2022",401
"VAI.N.W1.ADN",252,0.722464562334333,3.99481656566767,"VSM_N_W1","VSM","Aug.","N","summer_2022",429
"VAI.N.W2.ADN",226,0.559804946281937,3.03444230408698,"VSM_N_W2","VSM","Aug.","N","summer_2022",429
"VAI.N.W3.ADN",254,0.603847790701753,3.34370706351625,"VSM_N_W3","VSM","Aug.","N","summer_2022",429
"VAI.O.W2.ADN",203,0.639076597288247,3.39554559777759,"VSM_O_W2","VSM","Sep.","O","fall_2022",464
"VAI.O.W3.ADN",228,0.655877974909971,3.56098821620494,"VSM_O_W3","VSM","Sep.","O","fall_2022",464
"VAI.P.W1.ADN",212,0.603180664579627,3.23098926903478,"VSM_P_W1","VSM","Oct.","P","fall_2022",492
"VAI.P.W2.ADN",209,0.640506769886705,3.42180125538109,"VSM_P_W2","VSM","Oct.","P","fall_2022",492
"VAI.P.W3.ADN",214,0.623396878180445,3.34513269615577,"VSM_P_W3","VSM","Oct.","P","fall_2022",492
"VAI.Q.W1.ADN",284,0.643957901856119,3.63770159804556,"VSM_Q_W1","VSM","Nov.","Q","fall_2022",521
"VAI.Q.W2.ADN",247,0.64974934786463,3.57972147885703,"VSM_Q_W2","VSM","Nov.","Q","fall_2022",521
"VAI.Q.W3.ADN",242,0.648513011321266,3.55964753374478,"VSM_Q_W3","VSM","Nov.","Q","fall_2022",521
"VAI.R.W1.ADN",180,0.614481873722792,3.19097785589663,"VSM_R_W1","VSM","Dec.","R","winter_2022",543
"VAI.R.W2.ADN",165,0.599541343946689,3.06122541154087,"VSM_R_W2","VSM","Dec.","R","winter_2022",543
"VAI.R.W3.ADN",163,0.608124226650178,3.0976329016148,"VSM_R_W3","VSM","Dec.","R","winter_2022",543
"VER.A.W1.ADN",218,0.648666768069374,3.4927430100649,"VSS_A_W1","VSS","Jun.","A","summer_2021",1
"VER.A.W2.ADN",188,0.661841459385551,3.46569439066711,"VSS_A_W2","VSS","Jun.","A","summer_2021",1
"VER.A.W3.ADN",211,0.706972103717016,3.7836144034186,"VSS_A_W3","VSS","Jun.","A","summer_2021",1
"VER.B.W1.ADN",148,0.643757571913297,3.21699323969371,"VSS_B_W1","VSS","Jul.","B","summer_2021",30
"VER.B.W2.ADN",165,0.684341851472353,3.494212179126,"VSS_B_W2","VSS","Jul.","B","summer_2021",30
"VER.B.W3.ADN",167,0.684746767106705,3.50452971712449,"VSS_B_W3","VSS","Jul.","B","summer_2021",30
"VER.C.W1.ADN",82,0.624499044019265,2.75199195717782,"VSS_C_W1","VSS","Aug.","C","summer_2021",65
"VER.C.W2.ADN",81,0.596392846456487,2.6208180399634,"VSS_C_W2","VSS","Aug.","C","summer_2021",65
"VER.C.W3.ADN",88,0.617624959553728,2.76531496895052,"VSS_C_W3","VSS","Aug.","C","summer_2021",65
"VER.D.W1.ADN",135,0.470390564445267,2.30739497178878,"VSS_D_W1","VSS","Sep.","D","fall_2021",100
"VER.D.W2.ADN",134,0.438112561257442,2.14580513938513,"VSS_D_W2","VSS","Sep.","D","fall_2021",100
"VER.D.W3.ADN",133,0.451130845597183,2.20618733748013,"VSS_D_W3","VSS","Sep.","D","fall_2021",100
"VER.E.W1.ADN",46,0.409245576864809,1.56685455691467,"VSS_E_W1","VSS","Oct.","E","fall_2021",128
"VER.E.W2.ADN",47,0.417808930433571,1.60862605148186,"VSS_E_W2","VSS","Oct.","E","fall_2021",128
"VER.E.W3.ADN",36,0.44730423626497,1.60292320190717,"VSS_E_W3","VSS","Oct.","E","fall_2021",128
"VER.F.W1.ADN",117,0.41073898292798,1.95601047850497,"VSS_F_W1","VSS","Nov.","F","fall_2021",157
"VER.F.W2.ADN",101,0.417645065201874,1.92748230917068,"VSS_F_W2","VSS","Nov.","F","fall_2021",157
"VER.F.W3.ADN",105,0.395237330020119,1.83941886281576,"VSS_F_W3","VSS","Nov.","F","fall_2021",157
"VER.G.W1.ADN",90,0.566850174818945,2.55071789827869,"VSS_G_W1","VSS","Jan.","G","winter_2021",220
"VER.G.W2.ADN",79,0.537400478923024,2.34814336854496,"VSS_G_W2","VSS","Jan.","G","winter_2021",220
"VER.G.W3.ADN",111,0.628846323368543,2.96157075188838,"VSS_G_W3","VSS","Jan.","G","winter_2021",220
"VER.H.W1.ADN",84,0.464214389070619,2.05684891335888,"VSS_H_W1","VSS","Feb.","H","winter_2021",248
"VER.H.W2.ADN",55,0.340737830573896,1.36545001592289,"VSS_H_W2","VSS","Feb.","H","winter_2021",248
"VER.H.W3.ADN",90,0.505984158386546,2.2768324089417,"VSS_H_W3","VSS","Feb.","H","winter_2021",248
"VER.I.W1.ADN",75,0.454232272576484,1.96114243763355,"VSS_I_W1","VSS","Mar.","I","spring_2022",276
"VER.I.W2.ADN",91,0.445853165447086,2.01118098986762,"VSS_I_W2","VSS","Mar.","I","spring_2022",276
"VER.I.W3.ADN",104,0.450698157163895,2.09321841939178,"VSS_I_W3","VSS","Mar.","I","spring_2022",276
"VER.J.W1.ADN",80,0.526742966408107,2.30820170842746,"VSS_J_W1","VSS","Apr.","J","spring_2022",311
"VER.J.W2.ADN",96,0.48951921825394,2.23433615852612,"VSS_J_W2","VSS","Apr.","J","spring_2022",311
"VER.J.W3.ADN",124,0.51411930846538,2.47819982511728,"VSS_J_W3","VSS","Apr.","J","spring_2022",311
"VER.K.W1.ADN",106,0.461889253069622,2.1539923999151,"VSS_K_W1","VSS","May","K","spring_2022",337
"VER.K.W2.ADN",89,0.546271977207934,2.45201626466102,"VSS_K_W2","VSS","May","K","spring_2022",337
"VER.K.W3.ADN",71,0.412674748512513,1.75910034624737,"VSS_K_W3","VSS","May","K","spring_2022",337
"VER.L.W1.ADN",262,0.651773445591386,3.62929908345623,"VSS_L_W1","VSS","Jun.","L","summer_2022",372
"VER.L.W2.ADN",340,0.759326266648231,4.42607151431553,"VSS_L_W2","VSS","Jun.","L","summer_2022",372
"VER.L.W3.ADN",216,0.514924682613064,2.76786352803363,"VSS_L_W3","VSS","Jun.","L","summer_2022",372
"VER.M.W1.ADN",226,0.671133958975138,3.63790511382491,"VSS_M_W1","VSS","Jul.","M","summer_2022",401
"VER.M.W2.ADN",246,0.688676930461872,3.79139482334084,"VSS_M_W2","VSS","Jul.","M","summer_2022",401
"VER.M.W3.ADN",295,0.719445179013008,4.09146700328446,"VSS_M_W3","VSS","Jul.","M","summer_2022",401
"VER.N.W1.ADN",253,0.707560815570845,3.91520957951519,"VSS_N_W1","VSS","Aug.","N","summer_2022",429
"VER.N.W2.ADN",262,0.702577876493198,3.91219565703504,"VSS_N_W2","VSS","Aug.","N","summer_2022",429
"VER.N.W3.ADN",267,0.78098836367411,4.36357618716438,"VSS_N_W3","VSS","Aug.","N","summer_2022",429
"VER.O.W1.ADN",137,0.510211893626752,2.51023278477427,"VSS_O_W1","VSS","Sep.","O","fall_2022",464
"VER.O.W2.ADN",150,0.546582601896111,2.73872607619962,"VSS_O_W2","VSS","Sep.","O","fall_2022",464
"VER.O.W3.ADN",148,0.547721832319055,2.73708226307335,"VSS_O_W3","VSS","Sep.","O","fall_2022",464
"VER.P.W1.ADN",169,0.649620930465403,3.3324895763816,"VSS_P_W1","VSS","Oct.","P","fall_2022",492
"VER.P.W2.ADN",135,0.596281827444589,2.92492620900512,"VSS_P_W2","VSS","Oct.","P","fall_2022",492
"VER.P.W3.ADN",163,0.621596310392318,3.16625633088161,"VSS_P_W3","VSS","Oct.","P","fall_2022",492
"VER.Q.W1.ADN",144,0.704989531386782,3.50366634914788,"VSS_Q_W1","VSS","Nov.","Q","fall_2022",521
"VER.Q.W2.ADN",168,0.690989560037717,3.54060561577697,"VSS_Q_W2","VSS","Nov.","Q","fall_2022",521
"VER.Q.W3.ADN",168,0.685895172694022,3.51450215853075,"VSS_Q_W3","VSS","Nov.","Q","fall_2022",521
"VER.R.W1.ADN",125,0.644320351186591,3.11098080285766,"VSS_R_W1","VSS","Dec.","R","winter_2022",543
"VER.R.W2.ADN",131,0.632164785145432,3.08192806836304,"VSS_R_W2","VSS","Dec.","R","winter_2022",543
"VER.R.W3.ADN",131,0.630194619058974,3.07232311993208,"VSS_R_W3","VSS","Dec.","R","winter_2022",543
