"","lakeID","season_year","taxa_legend","median_abundance"
"1","VSM","summer_2021","Gyrista · Chrysophyceae",15.09
"2","VSM","summer_2021","Gyrista · Bacillariophyceae",0.27
"3","VSM","summer_2021","Gyrista · Mediophyceae",0.2
"4","VSM","summer_2021","Chlorophyta · Chlorophyceae",3.37
"5","VSM","summer_2021","Chlorophyta · Chlorodendrophyceae",0.04
"6","VSM","summer_2021","Chlorophyta · Trebouxiophyceae",0.19
"7","VSM","summer_2021","Cryptophyta · Cryptophyceae",32.01
"8","VSM","summer_2021","Dinoflagellata · Dinophyceae",0.71
"9","VSM","summer_2021","Ciliophora · CONThreeP",5.73
"10","VSM","summer_2021","Ciliophora · Oligohymenophorea",0.51
"11","VSM","summer_2021","Ciliophora · Litostomatea",0.09
"12","VSM","summer_2021","Ciliophora · Nassophorea",0
"13","VSM","summer_2021","Ciliophora · Spirotrichea",25.54
"14","VSM","summer_2021","Kathablepharida · Kathablepharidea",6.9
"15","VSM","summer_2021","Fungi · Fungi",0.22
"16","VSM","summer_2021","Fungi · NA",0.12
"17","VSM","summer_2021","Cercozoa · Filosa-Imbricatea",0.42
"18","VSM","summer_2021","Bigyra · Bicoecea",0.28
"19","VSM","summer_2021","Bigyra · Opalozoa",0.48
"20","VSM","summer_2021","Choanoflagellata · Choanoflagellatea",0.12
"21","VSM","summer_2021","Chrompodellids · Colpodellidea",1.32
"22","VSM","summer_2021","Telonemia · Telonemia",0
"23","VSM","summer_2021","Fungi · Chytridiomycota",0.63
"24","VSM","summer_2021","Perkinsea · Perkinsida",1.31
"25","VSM","summer_2021","Perkinsea · Perkinsea",0
"26","VSM","summer_2021","Others",4.46
"27","VSM","fall_2021","Gyrista · Chrysophyceae",8.89
"28","VSM","fall_2021","Gyrista · Bacillariophyceae",0.47
"29","VSM","fall_2021","Gyrista · Mediophyceae",0.25
"30","VSM","fall_2021","Chlorophyta · Chlorophyceae",3.63
"31","VSM","fall_2021","Chlorophyta · Chlorodendrophyceae",0.04
"32","VSM","fall_2021","Chlorophyta · Trebouxiophyceae",6.9
"33","VSM","fall_2021","Cryptophyta · Cryptophyceae",50.8
"34","VSM","fall_2021","Dinoflagellata · Dinophyceae",0.29
"35","VSM","fall_2021","Ciliophora · CONThreeP",2.25
"36","VSM","fall_2021","Ciliophora · Oligohymenophorea",0.26
"37","VSM","fall_2021","Ciliophora · Litostomatea",0
"38","VSM","fall_2021","Ciliophora · Nassophorea",0
"39","VSM","fall_2021","Ciliophora · Spirotrichea",16.72
"40","VSM","fall_2021","Kathablepharida · Kathablepharidea",3.05
"41","VSM","fall_2021","Fungi · Fungi",0.04
"42","VSM","fall_2021","Fungi · NA",0.28
"43","VSM","fall_2021","Cercozoa · Filosa-Imbricatea",0.07
"44","VSM","fall_2021","Bigyra · Bicoecea",0.91
"45","VSM","fall_2021","Bigyra · Opalozoa",0.26
"46","VSM","fall_2021","Choanoflagellata · Choanoflagellatea",0.21
"47","VSM","fall_2021","Chrompodellids · Colpodellidea",0.25
"48","VSM","fall_2021","Telonemia · Telonemia",0
"49","VSM","fall_2021","Fungi · Chytridiomycota",0.68
"50","VSM","fall_2021","Perkinsea · Perkinsida",0.1
"51","VSM","fall_2021","Perkinsea · Perkinsea",0.26
"52","VSM","fall_2021","Others",3.39
"53","VSM","winter_2021","Gyrista · Chrysophyceae",9.9
"54","VSM","winter_2021","Gyrista · Bacillariophyceae",0.11
"55","VSM","winter_2021","Gyrista · Mediophyceae",0.49
"56","VSM","winter_2021","Chlorophyta · Chlorophyceae",3.01
"57","VSM","winter_2021","Chlorophyta · Chlorodendrophyceae",0
"58","VSM","winter_2021","Chlorophyta · Trebouxiophyceae",16.01
"59","VSM","winter_2021","Cryptophyta · Cryptophyceae",27.83
"60","VSM","winter_2021","Dinoflagellata · Dinophyceae",0.12
"61","VSM","winter_2021","Ciliophora · CONThreeP",2.6
"62","VSM","winter_2021","Ciliophora · Oligohymenophorea",0.08
"63","VSM","winter_2021","Ciliophora · Litostomatea",0
"64","VSM","winter_2021","Ciliophora · Nassophorea",0
"65","VSM","winter_2021","Ciliophora · Spirotrichea",12.51
"66","VSM","winter_2021","Kathablepharida · Kathablepharidea",2.47
"67","VSM","winter_2021","Fungi · Fungi",0.01
"68","VSM","winter_2021","Fungi · NA",0.36
"69","VSM","winter_2021","Cercozoa · Filosa-Imbricatea",0.43
"70","VSM","winter_2021","Bigyra · Bicoecea",1.97
"71","VSM","winter_2021","Bigyra · Opalozoa",0.17
"72","VSM","winter_2021","Choanoflagellata · Choanoflagellatea",0.08
"73","VSM","winter_2021","Chrompodellids · Colpodellidea",0.17
"74","VSM","winter_2021","Telonemia · Telonemia",0.01
"75","VSM","winter_2021","Fungi · Chytridiomycota",0.05
"76","VSM","winter_2021","Perkinsea · Perkinsida",0.3
"77","VSM","winter_2021","Perkinsea · Perkinsea",0.34
"78","VSM","winter_2021","Others",20.99
"79","VSM","spring_2022","Gyrista · Chrysophyceae",14.8
"80","VSM","spring_2022","Gyrista · Bacillariophyceae",0.2
"81","VSM","spring_2022","Gyrista · Mediophyceae",1.33
"82","VSM","spring_2022","Chlorophyta · Chlorophyceae",2.36
"83","VSM","spring_2022","Chlorophyta · Chlorodendrophyceae",0.19
"84","VSM","spring_2022","Chlorophyta · Trebouxiophyceae",1.22
"85","VSM","spring_2022","Cryptophyta · Cryptophyceae",34.38
"86","VSM","spring_2022","Dinoflagellata · Dinophyceae",2.2
"87","VSM","spring_2022","Ciliophora · CONThreeP",4.85
"88","VSM","spring_2022","Ciliophora · Oligohymenophorea",0.1
"89","VSM","spring_2022","Ciliophora · Litostomatea",0.17
"90","VSM","spring_2022","Ciliophora · Nassophorea",0
"91","VSM","spring_2022","Ciliophora · Spirotrichea",16.49
"92","VSM","spring_2022","Kathablepharida · Kathablepharidea",6.94
"93","VSM","spring_2022","Fungi · Fungi",0.11
"94","VSM","spring_2022","Fungi · NA",0.39
"95","VSM","spring_2022","Cercozoa · Filosa-Imbricatea",0.19
"96","VSM","spring_2022","Bigyra · Bicoecea",1.49
"97","VSM","spring_2022","Bigyra · Opalozoa",0.6
"98","VSM","spring_2022","Choanoflagellata · Choanoflagellatea",0.39
"99","VSM","spring_2022","Chrompodellids · Colpodellidea",0.39
"100","VSM","spring_2022","Telonemia · Telonemia",7.19
"101","VSM","spring_2022","Fungi · Chytridiomycota",0.32
"102","VSM","spring_2022","Perkinsea · Perkinsida",0.73
"103","VSM","spring_2022","Perkinsea · Perkinsea",0.13
"104","VSM","spring_2022","Others",2.83
"105","VSM","summer_2022","Gyrista · Chrysophyceae",8.53
"106","VSM","summer_2022","Gyrista · Bacillariophyceae",0.51
"107","VSM","summer_2022","Gyrista · Mediophyceae",0.6
"108","VSM","summer_2022","Chlorophyta · Chlorophyceae",3.84
"109","VSM","summer_2022","Chlorophyta · Chlorodendrophyceae",0.1
"110","VSM","summer_2022","Chlorophyta · Trebouxiophyceae",0.18
"111","VSM","summer_2022","Cryptophyta · Cryptophyceae",25.75
"112","VSM","summer_2022","Dinoflagellata · Dinophyceae",2.32
"113","VSM","summer_2022","Ciliophora · CONThreeP",6.53
"114","VSM","summer_2022","Ciliophora · Oligohymenophorea",1.48
"115","VSM","summer_2022","Ciliophora · Litostomatea",1.27
"116","VSM","summer_2022","Ciliophora · Nassophorea",0
"117","VSM","summer_2022","Ciliophora · Spirotrichea",19.26
"118","VSM","summer_2022","Kathablepharida · Kathablepharidea",6.97
"119","VSM","summer_2022","Fungi · Fungi",0.96
"120","VSM","summer_2022","Fungi · NA",0.32
"121","VSM","summer_2022","Cercozoa · Filosa-Imbricatea",0.06
"122","VSM","summer_2022","Bigyra · Bicoecea",0.98
"123","VSM","summer_2022","Bigyra · Opalozoa",0.9
"124","VSM","summer_2022","Choanoflagellata · Choanoflagellatea",0.43
"125","VSM","summer_2022","Chrompodellids · Colpodellidea",0.99
"126","VSM","summer_2022","Telonemia · Telonemia",0
"127","VSM","summer_2022","Fungi · Chytridiomycota",4.8
"128","VSM","summer_2022","Perkinsea · Perkinsida",0.77
"129","VSM","summer_2022","Perkinsea · Perkinsea",0
"130","VSM","summer_2022","Others",12.46
"131","VSM","fall_2022","Gyrista · Chrysophyceae",7.94
"132","VSM","fall_2022","Gyrista · Bacillariophyceae",0.45
"133","VSM","fall_2022","Gyrista · Mediophyceae",3.71
"134","VSM","fall_2022","Chlorophyta · Chlorophyceae",3.05
"135","VSM","fall_2022","Chlorophyta · Chlorodendrophyceae",0
"136","VSM","fall_2022","Chlorophyta · Trebouxiophyceae",3.19
"137","VSM","fall_2022","Cryptophyta · Cryptophyceae",37.75
"138","VSM","fall_2022","Dinoflagellata · Dinophyceae",0.12
"139","VSM","fall_2022","Ciliophora · CONThreeP",2.24
"140","VSM","fall_2022","Ciliophora · Oligohymenophorea",0.5
"141","VSM","fall_2022","Ciliophora · Litostomatea",0.03
"142","VSM","fall_2022","Ciliophora · Nassophorea",0
"143","VSM","fall_2022","Ciliophora · Spirotrichea",26.15
"144","VSM","fall_2022","Kathablepharida · Kathablepharidea",2.06
"145","VSM","fall_2022","Fungi · Fungi",0.36
"146","VSM","fall_2022","Fungi · NA",0.37
"147","VSM","fall_2022","Cercozoa · Filosa-Imbricatea",0.37
"148","VSM","fall_2022","Bigyra · Bicoecea",1.8
"149","VSM","fall_2022","Bigyra · Opalozoa",0.79
"150","VSM","fall_2022","Choanoflagellata · Choanoflagellatea",0.35
"151","VSM","fall_2022","Chrompodellids · Colpodellidea",0.95
"152","VSM","fall_2022","Telonemia · Telonemia",0
"153","VSM","fall_2022","Fungi · Chytridiomycota",2.08
"154","VSM","fall_2022","Perkinsea · Perkinsida",0.13
"155","VSM","fall_2022","Perkinsea · Perkinsea",0.23
"156","VSM","fall_2022","Others",5.32
"157","VSM","winter_2022","Gyrista · Chrysophyceae",18.63
"158","VSM","winter_2022","Gyrista · Bacillariophyceae",0.34
"159","VSM","winter_2022","Gyrista · Mediophyceae",2.77
"160","VSM","winter_2022","Chlorophyta · Chlorophyceae",0.33
"161","VSM","winter_2022","Chlorophyta · Chlorodendrophyceae",0.01
"162","VSM","winter_2022","Chlorophyta · Trebouxiophyceae",3.5
"163","VSM","winter_2022","Cryptophyta · Cryptophyceae",44.67
"164","VSM","winter_2022","Dinoflagellata · Dinophyceae",1.8
"165","VSM","winter_2022","Ciliophora · CONThreeP",6.52
"166","VSM","winter_2022","Ciliophora · Oligohymenophorea",0.04
"167","VSM","winter_2022","Ciliophora · Litostomatea",0.07
"168","VSM","winter_2022","Ciliophora · Nassophorea",0
"169","VSM","winter_2022","Ciliophora · Spirotrichea",14.41
"170","VSM","winter_2022","Kathablepharida · Kathablepharidea",1.77
"171","VSM","winter_2022","Fungi · Fungi",0.09
"172","VSM","winter_2022","Fungi · NA",0.02
"173","VSM","winter_2022","Cercozoa · Filosa-Imbricatea",0.02
"174","VSM","winter_2022","Bigyra · Bicoecea",0.23
"175","VSM","winter_2022","Bigyra · Opalozoa",0.09
"176","VSM","winter_2022","Choanoflagellata · Choanoflagellatea",0.93
"177","VSM","winter_2022","Chrompodellids · Colpodellidea",0.64
"178","VSM","winter_2022","Telonemia · Telonemia",0
"179","VSM","winter_2022","Fungi · Chytridiomycota",0.73
"180","VSM","winter_2022","Perkinsea · Perkinsida",0.02
"181","VSM","winter_2022","Perkinsea · Perkinsea",0.03
"182","VSM","winter_2022","Others",2.36
"183","JAB","summer_2021","Gyrista · Chrysophyceae",2.86
"184","JAB","summer_2021","Gyrista · Bacillariophyceae",0.09
"185","JAB","summer_2021","Gyrista · Mediophyceae",0.3
"186","JAB","summer_2021","Chlorophyta · Chlorophyceae",5.41
"187","JAB","summer_2021","Chlorophyta · Chlorodendrophyceae",0.14
"188","JAB","summer_2021","Chlorophyta · Trebouxiophyceae",0.17
"189","JAB","summer_2021","Cryptophyta · Cryptophyceae",46.23
"190","JAB","summer_2021","Dinoflagellata · Dinophyceae",2.28
"191","JAB","summer_2021","Ciliophora · CONThreeP",5.69
"192","JAB","summer_2021","Ciliophora · Oligohymenophorea",0.21
"193","JAB","summer_2021","Ciliophora · Litostomatea",0
"194","JAB","summer_2021","Ciliophora · Nassophorea",0
"195","JAB","summer_2021","Ciliophora · Spirotrichea",15.72
"196","JAB","summer_2021","Kathablepharida · Kathablepharidea",11.3
"197","JAB","summer_2021","Fungi · Fungi",0.05
"198","JAB","summer_2021","Fungi · NA",0.15
"199","JAB","summer_2021","Cercozoa · Filosa-Imbricatea",0.35
"200","JAB","summer_2021","Bigyra · Bicoecea",0.06
"201","JAB","summer_2021","Bigyra · Opalozoa",0.95
"202","JAB","summer_2021","Choanoflagellata · Choanoflagellatea",0.2
"203","JAB","summer_2021","Chrompodellids · Colpodellidea",0.77
"204","JAB","summer_2021","Telonemia · Telonemia",0
"205","JAB","summer_2021","Fungi · Chytridiomycota",1.58
"206","JAB","summer_2021","Perkinsea · Perkinsida",1.28
"207","JAB","summer_2021","Perkinsea · Perkinsea",0
"208","JAB","summer_2021","Others",4.2
"209","JAB","fall_2021","Gyrista · Chrysophyceae",3.36
"210","JAB","fall_2021","Gyrista · Bacillariophyceae",0.38
"211","JAB","fall_2021","Gyrista · Mediophyceae",12.23
"212","JAB","fall_2021","Chlorophyta · Chlorophyceae",2.63
"213","JAB","fall_2021","Chlorophyta · Chlorodendrophyceae",0.05
"214","JAB","fall_2021","Chlorophyta · Trebouxiophyceae",0.63
"215","JAB","fall_2021","Cryptophyta · Cryptophyceae",39.56
"216","JAB","fall_2021","Dinoflagellata · Dinophyceae",0.16
"217","JAB","fall_2021","Ciliophora · CONThreeP",6.51
"218","JAB","fall_2021","Ciliophora · Oligohymenophorea",1.06
"219","JAB","fall_2021","Ciliophora · Litostomatea",0
"220","JAB","fall_2021","Ciliophora · Nassophorea",0
"221","JAB","fall_2021","Ciliophora · Spirotrichea",23.11
"222","JAB","fall_2021","Kathablepharida · Kathablepharidea",2.78
"223","JAB","fall_2021","Fungi · Fungi",0.14
"224","JAB","fall_2021","Fungi · NA",0.08
"225","JAB","fall_2021","Cercozoa · Filosa-Imbricatea",0.14
"226","JAB","fall_2021","Bigyra · Bicoecea",0.64
"227","JAB","fall_2021","Bigyra · Opalozoa",0.72
"228","JAB","fall_2021","Choanoflagellata · Choanoflagellatea",0.15
"229","JAB","fall_2021","Chrompodellids · Colpodellidea",0.31
"230","JAB","fall_2021","Telonemia · Telonemia",0.67
"231","JAB","fall_2021","Fungi · Chytridiomycota",0.77
"232","JAB","fall_2021","Perkinsea · Perkinsida",0.02
"233","JAB","fall_2021","Perkinsea · Perkinsea",0
"234","JAB","fall_2021","Others",3.89
"235","JAB","winter_2021","Gyrista · Chrysophyceae",8.58
"236","JAB","winter_2021","Gyrista · Bacillariophyceae",0.03
"237","JAB","winter_2021","Gyrista · Mediophyceae",10.48
"238","JAB","winter_2021","Chlorophyta · Chlorophyceae",0.08
"239","JAB","winter_2021","Chlorophyta · Chlorodendrophyceae",0
"240","JAB","winter_2021","Chlorophyta · Trebouxiophyceae",1.38
"241","JAB","winter_2021","Cryptophyta · Cryptophyceae",34.69
"242","JAB","winter_2021","Dinoflagellata · Dinophyceae",0.17
"243","JAB","winter_2021","Ciliophora · CONThreeP",9.13
"244","JAB","winter_2021","Ciliophora · Oligohymenophorea",0.56
"245","JAB","winter_2021","Ciliophora · Litostomatea",0.04
"246","JAB","winter_2021","Ciliophora · Nassophorea",0
"247","JAB","winter_2021","Ciliophora · Spirotrichea",17.36
"248","JAB","winter_2021","Kathablepharida · Kathablepharidea",5.93
"249","JAB","winter_2021","Fungi · Fungi",0
"250","JAB","winter_2021","Fungi · NA",0.22
"251","JAB","winter_2021","Cercozoa · Filosa-Imbricatea",0.01
"252","JAB","winter_2021","Bigyra · Bicoecea",0.58
"253","JAB","winter_2021","Bigyra · Opalozoa",0.14
"254","JAB","winter_2021","Choanoflagellata · Choanoflagellatea",0.21
"255","JAB","winter_2021","Chrompodellids · Colpodellidea",1.96
"256","JAB","winter_2021","Telonemia · Telonemia",1.17
"257","JAB","winter_2021","Fungi · Chytridiomycota",2.11
"258","JAB","winter_2021","Perkinsea · Perkinsida",0
"259","JAB","winter_2021","Perkinsea · Perkinsea",0
"260","JAB","winter_2021","Others",5.18
"261","JAB","spring_2022","Gyrista · Chrysophyceae",2.05
"262","JAB","spring_2022","Gyrista · Bacillariophyceae",0.16
"263","JAB","spring_2022","Gyrista · Mediophyceae",0.03
"264","JAB","spring_2022","Chlorophyta · Chlorophyceae",1.66
"265","JAB","spring_2022","Chlorophyta · Chlorodendrophyceae",0
"266","JAB","spring_2022","Chlorophyta · Trebouxiophyceae",0.3
"267","JAB","spring_2022","Cryptophyta · Cryptophyceae",48.48
"268","JAB","spring_2022","Dinoflagellata · Dinophyceae",0.81
"269","JAB","spring_2022","Ciliophora · CONThreeP",4.19
"270","JAB","spring_2022","Ciliophora · Oligohymenophorea",5.34
"271","JAB","spring_2022","Ciliophora · Litostomatea",0
"272","JAB","spring_2022","Ciliophora · Nassophorea",0
"273","JAB","spring_2022","Ciliophora · Spirotrichea",20.75
"274","JAB","spring_2022","Kathablepharida · Kathablepharidea",4.03
"275","JAB","spring_2022","Fungi · Fungi",0.04
"276","JAB","spring_2022","Fungi · NA",0.2
"277","JAB","spring_2022","Cercozoa · Filosa-Imbricatea",0
"278","JAB","spring_2022","Bigyra · Bicoecea",1.48
"279","JAB","spring_2022","Bigyra · Opalozoa",0.66
"280","JAB","spring_2022","Choanoflagellata · Choanoflagellatea",0.13
"281","JAB","spring_2022","Chrompodellids · Colpodellidea",0.87
"282","JAB","spring_2022","Telonemia · Telonemia",0.34
"283","JAB","spring_2022","Fungi · Chytridiomycota",0.96
"284","JAB","spring_2022","Perkinsea · Perkinsida",4.2
"285","JAB","spring_2022","Perkinsea · Perkinsea",0
"286","JAB","spring_2022","Others",3.28
"287","JAB","summer_2022","Gyrista · Chrysophyceae",6.24
"288","JAB","summer_2022","Gyrista · Bacillariophyceae",0.26
"289","JAB","summer_2022","Gyrista · Mediophyceae",0.11
"290","JAB","summer_2022","Chlorophyta · Chlorophyceae",4.19
"291","JAB","summer_2022","Chlorophyta · Chlorodendrophyceae",0.56
"292","JAB","summer_2022","Chlorophyta · Trebouxiophyceae",0.05
"293","JAB","summer_2022","Cryptophyta · Cryptophyceae",29.05
"294","JAB","summer_2022","Dinoflagellata · Dinophyceae",6.7
"295","JAB","summer_2022","Ciliophora · CONThreeP",7.91
"296","JAB","summer_2022","Ciliophora · Oligohymenophorea",0.37
"297","JAB","summer_2022","Ciliophora · Litostomatea",0.37
"298","JAB","summer_2022","Ciliophora · Nassophorea",0
"299","JAB","summer_2022","Ciliophora · Spirotrichea",14.07
"300","JAB","summer_2022","Kathablepharida · Kathablepharidea",7.18
"301","JAB","summer_2022","Fungi · Fungi",1.18
"302","JAB","summer_2022","Fungi · NA",0.31
"303","JAB","summer_2022","Cercozoa · Filosa-Imbricatea",4.66
"304","JAB","summer_2022","Bigyra · Bicoecea",0.15
"305","JAB","summer_2022","Bigyra · Opalozoa",3.08
"306","JAB","summer_2022","Choanoflagellata · Choanoflagellatea",0.36
"307","JAB","summer_2022","Chrompodellids · Colpodellidea",0.25
"308","JAB","summer_2022","Telonemia · Telonemia",0
"309","JAB","summer_2022","Fungi · Chytridiomycota",3.58
"310","JAB","summer_2022","Perkinsea · Perkinsida",1.6
"311","JAB","summer_2022","Perkinsea · Perkinsea",0
"312","JAB","summer_2022","Others",7.79
"313","JAB","fall_2022","Gyrista · Chrysophyceae",2.4
"314","JAB","fall_2022","Gyrista · Bacillariophyceae",0.45
"315","JAB","fall_2022","Gyrista · Mediophyceae",20.51
"316","JAB","fall_2022","Chlorophyta · Chlorophyceae",4.4
"317","JAB","fall_2022","Chlorophyta · Chlorodendrophyceae",0.01
"318","JAB","fall_2022","Chlorophyta · Trebouxiophyceae",0.66
"319","JAB","fall_2022","Cryptophyta · Cryptophyceae",26.12
"320","JAB","fall_2022","Dinoflagellata · Dinophyceae",2.04
"321","JAB","fall_2022","Ciliophora · CONThreeP",6.96
"322","JAB","fall_2022","Ciliophora · Oligohymenophorea",0.51
"323","JAB","fall_2022","Ciliophora · Litostomatea",0.67
"324","JAB","fall_2022","Ciliophora · Nassophorea",0
"325","JAB","fall_2022","Ciliophora · Spirotrichea",23.08
"326","JAB","fall_2022","Kathablepharida · Kathablepharidea",2.06
"327","JAB","fall_2022","Fungi · Fungi",0.61
"328","JAB","fall_2022","Fungi · NA",0.3
"329","JAB","fall_2022","Cercozoa · Filosa-Imbricatea",0.43
"330","JAB","fall_2022","Bigyra · Bicoecea",0.09
"331","JAB","fall_2022","Bigyra · Opalozoa",0.68
"332","JAB","fall_2022","Choanoflagellata · Choanoflagellatea",0.18
"333","JAB","fall_2022","Chrompodellids · Colpodellidea",0.3
"334","JAB","fall_2022","Telonemia · Telonemia",0
"335","JAB","fall_2022","Fungi · Chytridiomycota",0.62
"336","JAB","fall_2022","Perkinsea · Perkinsida",0.18
"337","JAB","fall_2022","Perkinsea · Perkinsea",0.11
"338","JAB","fall_2022","Others",6.61
"339","JAB","winter_2022","Gyrista · Chrysophyceae",1.64
"340","JAB","winter_2022","Gyrista · Bacillariophyceae",0.56
"341","JAB","winter_2022","Gyrista · Mediophyceae",22.85
"342","JAB","winter_2022","Chlorophyta · Chlorophyceae",0.4
"343","JAB","winter_2022","Chlorophyta · Chlorodendrophyceae",0
"344","JAB","winter_2022","Chlorophyta · Trebouxiophyceae",0.2
"345","JAB","winter_2022","Cryptophyta · Cryptophyceae",34.03
"346","JAB","winter_2022","Dinoflagellata · Dinophyceae",0.85
"347","JAB","winter_2022","Ciliophora · CONThreeP",11.3
"348","JAB","winter_2022","Ciliophora · Oligohymenophorea",0.44
"349","JAB","winter_2022","Ciliophora · Litostomatea",0.22
"350","JAB","winter_2022","Ciliophora · Nassophorea",0
"351","JAB","winter_2022","Ciliophora · Spirotrichea",20.07
"352","JAB","winter_2022","Kathablepharida · Kathablepharidea",1.9
"353","JAB","winter_2022","Fungi · Fungi",0.01
"354","JAB","winter_2022","Fungi · NA",0.03
"355","JAB","winter_2022","Cercozoa · Filosa-Imbricatea",0.02
"356","JAB","winter_2022","Bigyra · Bicoecea",0.08
"357","JAB","winter_2022","Bigyra · Opalozoa",0.34
"358","JAB","winter_2022","Choanoflagellata · Choanoflagellatea",0.16
"359","JAB","winter_2022","Chrompodellids · Colpodellidea",0.82
"360","JAB","winter_2022","Telonemia · Telonemia",0.05
"361","JAB","winter_2022","Fungi · Chytridiomycota",0.95
"362","JAB","winter_2022","Perkinsea · Perkinsida",0
"363","JAB","winter_2022","Perkinsea · Perkinsea",0
"364","JAB","winter_2022","Others",3.08
"365","CER-L","summer_2021","Gyrista · Chrysophyceae",39.41
"366","CER-L","summer_2021","Gyrista · Bacillariophyceae",0.6
"367","CER-L","summer_2021","Gyrista · Mediophyceae",0.19
"368","CER-L","summer_2021","Chlorophyta · Chlorophyceae",6.31
"369","CER-L","summer_2021","Chlorophyta · Chlorodendrophyceae",0.02
"370","CER-L","summer_2021","Chlorophyta · Trebouxiophyceae",0.17
"371","CER-L","summer_2021","Cryptophyta · Cryptophyceae",14.17
"372","CER-L","summer_2021","Dinoflagellata · Dinophyceae",0.8
"373","CER-L","summer_2021","Ciliophora · CONThreeP",2.97
"374","CER-L","summer_2021","Ciliophora · Oligohymenophorea",0.55
"375","CER-L","summer_2021","Ciliophora · Litostomatea",0.06
"376","CER-L","summer_2021","Ciliophora · Nassophorea",0
"377","CER-L","summer_2021","Ciliophora · Spirotrichea",12.87
"378","CER-L","summer_2021","Kathablepharida · Kathablepharidea",1.18
"379","CER-L","summer_2021","Fungi · Fungi",2.19
"380","CER-L","summer_2021","Fungi · NA",0.31
"381","CER-L","summer_2021","Cercozoa · Filosa-Imbricatea",4.52
"382","CER-L","summer_2021","Bigyra · Bicoecea",1.64
"383","CER-L","summer_2021","Bigyra · Opalozoa",0.68
"384","CER-L","summer_2021","Choanoflagellata · Choanoflagellatea",2.4
"385","CER-L","summer_2021","Chrompodellids · Colpodellidea",1.11
"386","CER-L","summer_2021","Telonemia · Telonemia",0
"387","CER-L","summer_2021","Fungi · Chytridiomycota",3.01
"388","CER-L","summer_2021","Perkinsea · Perkinsida",0.59
"389","CER-L","summer_2021","Perkinsea · Perkinsea",0
"390","CER-L","summer_2021","Others",4.24
"391","CER-L","fall_2021","Gyrista · Chrysophyceae",4.11
"392","CER-L","fall_2021","Gyrista · Bacillariophyceae",0.43
"393","CER-L","fall_2021","Gyrista · Mediophyceae",0.22
"394","CER-L","fall_2021","Chlorophyta · Chlorophyceae",1.87
"395","CER-L","fall_2021","Chlorophyta · Chlorodendrophyceae",0
"396","CER-L","fall_2021","Chlorophyta · Trebouxiophyceae",5.76
"397","CER-L","fall_2021","Cryptophyta · Cryptophyceae",58.8
"398","CER-L","fall_2021","Dinoflagellata · Dinophyceae",0.3
"399","CER-L","fall_2021","Ciliophora · CONThreeP",3.59
"400","CER-L","fall_2021","Ciliophora · Oligohymenophorea",0.23
"401","CER-L","fall_2021","Ciliophora · Litostomatea",0
"402","CER-L","fall_2021","Ciliophora · Nassophorea",0
"403","CER-L","fall_2021","Ciliophora · Spirotrichea",12.52
"404","CER-L","fall_2021","Kathablepharida · Kathablepharidea",3.71
"405","CER-L","fall_2021","Fungi · Fungi",0.51
"406","CER-L","fall_2021","Fungi · NA",0.33
"407","CER-L","fall_2021","Cercozoa · Filosa-Imbricatea",1.18
"408","CER-L","fall_2021","Bigyra · Bicoecea",0.93
"409","CER-L","fall_2021","Bigyra · Opalozoa",0.45
"410","CER-L","fall_2021","Choanoflagellata · Choanoflagellatea",0.27
"411","CER-L","fall_2021","Chrompodellids · Colpodellidea",1
"412","CER-L","fall_2021","Telonemia · Telonemia",0
"413","CER-L","fall_2021","Fungi · Chytridiomycota",0.48
"414","CER-L","fall_2021","Perkinsea · Perkinsida",0.35
"415","CER-L","fall_2021","Perkinsea · Perkinsea",0.13
"416","CER-L","fall_2021","Others",2.81
"417","CER-L","winter_2021","Gyrista · Chrysophyceae",8.07
"418","CER-L","winter_2021","Gyrista · Bacillariophyceae",0.1
"419","CER-L","winter_2021","Gyrista · Mediophyceae",0.13
"420","CER-L","winter_2021","Chlorophyta · Chlorophyceae",1.27
"421","CER-L","winter_2021","Chlorophyta · Chlorodendrophyceae",0
"422","CER-L","winter_2021","Chlorophyta · Trebouxiophyceae",6.82
"423","CER-L","winter_2021","Cryptophyta · Cryptophyceae",38.27
"424","CER-L","winter_2021","Dinoflagellata · Dinophyceae",0.73
"425","CER-L","winter_2021","Ciliophora · CONThreeP",4.09
"426","CER-L","winter_2021","Ciliophora · Oligohymenophorea",0.21
"427","CER-L","winter_2021","Ciliophora · Litostomatea",0
"428","CER-L","winter_2021","Ciliophora · Nassophorea",0
"429","CER-L","winter_2021","Ciliophora · Spirotrichea",23.78
"430","CER-L","winter_2021","Kathablepharida · Kathablepharidea",7.7
"431","CER-L","winter_2021","Fungi · Fungi",0.02
"432","CER-L","winter_2021","Fungi · NA",0.29
"433","CER-L","winter_2021","Cercozoa · Filosa-Imbricatea",0.04
"434","CER-L","winter_2021","Bigyra · Bicoecea",0.95
"435","CER-L","winter_2021","Bigyra · Opalozoa",0.03
"436","CER-L","winter_2021","Choanoflagellata · Choanoflagellatea",0.09
"437","CER-L","winter_2021","Chrompodellids · Colpodellidea",4.26
"438","CER-L","winter_2021","Telonemia · Telonemia",0
"439","CER-L","winter_2021","Fungi · Chytridiomycota",0.1
"440","CER-L","winter_2021","Perkinsea · Perkinsida",0.02
"441","CER-L","winter_2021","Perkinsea · Perkinsea",0
"442","CER-L","winter_2021","Others",3.03
"443","CER-L","spring_2022","Gyrista · Chrysophyceae",10.4
"444","CER-L","spring_2022","Gyrista · Bacillariophyceae",0.1
"445","CER-L","spring_2022","Gyrista · Mediophyceae",0.02
"446","CER-L","spring_2022","Chlorophyta · Chlorophyceae",1.68
"447","CER-L","spring_2022","Chlorophyta · Chlorodendrophyceae",0.03
"448","CER-L","spring_2022","Chlorophyta · Trebouxiophyceae",0.36
"449","CER-L","spring_2022","Cryptophyta · Cryptophyceae",33.66
"450","CER-L","spring_2022","Dinoflagellata · Dinophyceae",5
"451","CER-L","spring_2022","Ciliophora · CONThreeP",4.54
"452","CER-L","spring_2022","Ciliophora · Oligohymenophorea",0.62
"453","CER-L","spring_2022","Ciliophora · Litostomatea",0.04
"454","CER-L","spring_2022","Ciliophora · Nassophorea",0
"455","CER-L","spring_2022","Ciliophora · Spirotrichea",23.51
"456","CER-L","spring_2022","Kathablepharida · Kathablepharidea",7.29
"457","CER-L","spring_2022","Fungi · Fungi",0.04
"458","CER-L","spring_2022","Fungi · NA",0.89
"459","CER-L","spring_2022","Cercozoa · Filosa-Imbricatea",0.39
"460","CER-L","spring_2022","Bigyra · Bicoecea",1.53
"461","CER-L","spring_2022","Bigyra · Opalozoa",0.45
"462","CER-L","spring_2022","Choanoflagellata · Choanoflagellatea",0.09
"463","CER-L","spring_2022","Chrompodellids · Colpodellidea",0.72
"464","CER-L","spring_2022","Telonemia · Telonemia",4.06
"465","CER-L","spring_2022","Fungi · Chytridiomycota",0.66
"466","CER-L","spring_2022","Perkinsea · Perkinsida",0.6
"467","CER-L","spring_2022","Perkinsea · Perkinsea",0.19
"468","CER-L","spring_2022","Others",3.11
"469","CER-L","summer_2022","Gyrista · Chrysophyceae",8.63
"470","CER-L","summer_2022","Gyrista · Bacillariophyceae",0.49
"471","CER-L","summer_2022","Gyrista · Mediophyceae",0.06
"472","CER-L","summer_2022","Chlorophyta · Chlorophyceae",8.04
"473","CER-L","summer_2022","Chlorophyta · Chlorodendrophyceae",0.11
"474","CER-L","summer_2022","Chlorophyta · Trebouxiophyceae",0.55
"475","CER-L","summer_2022","Cryptophyta · Cryptophyceae",28.19
"476","CER-L","summer_2022","Dinoflagellata · Dinophyceae",2.16
"477","CER-L","summer_2022","Ciliophora · CONThreeP",6.09
"478","CER-L","summer_2022","Ciliophora · Oligohymenophorea",1.43
"479","CER-L","summer_2022","Ciliophora · Litostomatea",0.79
"480","CER-L","summer_2022","Ciliophora · Nassophorea",0.01
"481","CER-L","summer_2022","Ciliophora · Spirotrichea",16.59
"482","CER-L","summer_2022","Kathablepharida · Kathablepharidea",2.8
"483","CER-L","summer_2022","Fungi · Fungi",1.07
"484","CER-L","summer_2022","Fungi · NA",0.9
"485","CER-L","summer_2022","Cercozoa · Filosa-Imbricatea",0.09
"486","CER-L","summer_2022","Bigyra · Bicoecea",2.14
"487","CER-L","summer_2022","Bigyra · Opalozoa",1.3
"488","CER-L","summer_2022","Choanoflagellata · Choanoflagellatea",0.65
"489","CER-L","summer_2022","Chrompodellids · Colpodellidea",3.8
"490","CER-L","summer_2022","Telonemia · Telonemia",0
"491","CER-L","summer_2022","Fungi · Chytridiomycota",3.04
"492","CER-L","summer_2022","Perkinsea · Perkinsida",0.95
"493","CER-L","summer_2022","Perkinsea · Perkinsea",0
"494","CER-L","summer_2022","Others",10.1
"495","CER-L","fall_2022","Gyrista · Chrysophyceae",8.53
"496","CER-L","fall_2022","Gyrista · Bacillariophyceae",0.45
"497","CER-L","fall_2022","Gyrista · Mediophyceae",0.69
"498","CER-L","fall_2022","Chlorophyta · Chlorophyceae",3.16
"499","CER-L","fall_2022","Chlorophyta · Chlorodendrophyceae",0.05
"500","CER-L","fall_2022","Chlorophyta · Trebouxiophyceae",1.01
"501","CER-L","fall_2022","Cryptophyta · Cryptophyceae",46.65
"502","CER-L","fall_2022","Dinoflagellata · Dinophyceae",0.65
"503","CER-L","fall_2022","Ciliophora · CONThreeP",2.42
"504","CER-L","fall_2022","Ciliophora · Oligohymenophorea",0.66
"505","CER-L","fall_2022","Ciliophora · Litostomatea",0.11
"506","CER-L","fall_2022","Ciliophora · Nassophorea",0
"507","CER-L","fall_2022","Ciliophora · Spirotrichea",14.09
"508","CER-L","fall_2022","Kathablepharida · Kathablepharidea",3.37
"509","CER-L","fall_2022","Fungi · Fungi",0.78
"510","CER-L","fall_2022","Fungi · NA",0.91
"511","CER-L","fall_2022","Cercozoa · Filosa-Imbricatea",0.65
"512","CER-L","fall_2022","Bigyra · Bicoecea",1.37
"513","CER-L","fall_2022","Bigyra · Opalozoa",0.6
"514","CER-L","fall_2022","Choanoflagellata · Choanoflagellatea",0.52
"515","CER-L","fall_2022","Chrompodellids · Colpodellidea",3.18
"516","CER-L","fall_2022","Telonemia · Telonemia",0
"517","CER-L","fall_2022","Fungi · Chytridiomycota",3.36
"518","CER-L","fall_2022","Perkinsea · Perkinsida",1.36
"519","CER-L","fall_2022","Perkinsea · Perkinsea",0
"520","CER-L","fall_2022","Others",5.45
"521","CER-L","winter_2022","Gyrista · Chrysophyceae",15.25
"522","CER-L","winter_2022","Gyrista · Bacillariophyceae",0.13
"523","CER-L","winter_2022","Gyrista · Mediophyceae",0.2
"524","CER-L","winter_2022","Chlorophyta · Chlorophyceae",0.08
"525","CER-L","winter_2022","Chlorophyta · Chlorodendrophyceae",0
"526","CER-L","winter_2022","Chlorophyta · Trebouxiophyceae",0.93
"527","CER-L","winter_2022","Cryptophyta · Cryptophyceae",54.6
"528","CER-L","winter_2022","Dinoflagellata · Dinophyceae",0.75
"529","CER-L","winter_2022","Ciliophora · CONThreeP",4.66
"530","CER-L","winter_2022","Ciliophora · Oligohymenophorea",0.03
"531","CER-L","winter_2022","Ciliophora · Litostomatea",0.01
"532","CER-L","winter_2022","Ciliophora · Nassophorea",0
"533","CER-L","winter_2022","Ciliophora · Spirotrichea",13.63
"534","CER-L","winter_2022","Kathablepharida · Kathablepharidea",3.32
"535","CER-L","winter_2022","Fungi · Fungi",0.03
"536","CER-L","winter_2022","Fungi · NA",0.09
"537","CER-L","winter_2022","Cercozoa · Filosa-Imbricatea",0
"538","CER-L","winter_2022","Bigyra · Bicoecea",0.1
"539","CER-L","winter_2022","Bigyra · Opalozoa",0.06
"540","CER-L","winter_2022","Choanoflagellata · Choanoflagellatea",0.27
"541","CER-L","winter_2022","Chrompodellids · Colpodellidea",3.23
"542","CER-L","winter_2022","Telonemia · Telonemia",0
"543","CER-L","winter_2022","Fungi · Chytridiomycota",0.27
"544","CER-L","winter_2022","Perkinsea · Perkinsida",0
"545","CER-L","winter_2022","Perkinsea · Perkinsea",0.01
"546","CER-L","winter_2022","Others",2.35
"547","CER-S","summer_2021","Gyrista · Chrysophyceae",12.22
"548","CER-S","summer_2021","Gyrista · Bacillariophyceae",0.27
"549","CER-S","summer_2021","Gyrista · Mediophyceae",0
"550","CER-S","summer_2021","Chlorophyta · Chlorophyceae",11.34
"551","CER-S","summer_2021","Chlorophyta · Chlorodendrophyceae",0
"552","CER-S","summer_2021","Chlorophyta · Trebouxiophyceae",0.27
"553","CER-S","summer_2021","Cryptophyta · Cryptophyceae",32.46
"554","CER-S","summer_2021","Dinoflagellata · Dinophyceae",0.39
"555","CER-S","summer_2021","Ciliophora · CONThreeP",1.83
"556","CER-S","summer_2021","Ciliophora · Oligohymenophorea",1.16
"557","CER-S","summer_2021","Ciliophora · Litostomatea",0.27
"558","CER-S","summer_2021","Ciliophora · Nassophorea",0.33
"559","CER-S","summer_2021","Ciliophora · Spirotrichea",22.53
"560","CER-S","summer_2021","Kathablepharida · Kathablepharidea",1.39
"561","CER-S","summer_2021","Fungi · Fungi",3.02
"562","CER-S","summer_2021","Fungi · NA",0.49
"563","CER-S","summer_2021","Cercozoa · Filosa-Imbricatea",0
"564","CER-S","summer_2021","Bigyra · Bicoecea",2.26
"565","CER-S","summer_2021","Bigyra · Opalozoa",0.39
"566","CER-S","summer_2021","Choanoflagellata · Choanoflagellatea",0.63
"567","CER-S","summer_2021","Chrompodellids · Colpodellidea",1.3
"568","CER-S","summer_2021","Telonemia · Telonemia",0
"569","CER-S","summer_2021","Fungi · Chytridiomycota",3.74
"570","CER-S","summer_2021","Perkinsea · Perkinsida",0.4
"571","CER-S","summer_2021","Perkinsea · Perkinsea",0.01
"572","CER-S","summer_2021","Others",3.3
"573","CER-S","fall_2021","Gyrista · Chrysophyceae",2.75
"574","CER-S","fall_2021","Gyrista · Bacillariophyceae",0.06
"575","CER-S","fall_2021","Gyrista · Mediophyceae",0
"576","CER-S","fall_2021","Chlorophyta · Chlorophyceae",1.34
"577","CER-S","fall_2021","Chlorophyta · Chlorodendrophyceae",0
"578","CER-S","fall_2021","Chlorophyta · Trebouxiophyceae",0.13
"579","CER-S","fall_2021","Cryptophyta · Cryptophyceae",72.38
"580","CER-S","fall_2021","Dinoflagellata · Dinophyceae",0.02
"581","CER-S","fall_2021","Ciliophora · CONThreeP",2.24
"582","CER-S","fall_2021","Ciliophora · Oligohymenophorea",0.21
"583","CER-S","fall_2021","Ciliophora · Litostomatea",0.02
"584","CER-S","fall_2021","Ciliophora · Nassophorea",0
"585","CER-S","fall_2021","Ciliophora · Spirotrichea",10.96
"586","CER-S","fall_2021","Kathablepharida · Kathablepharidea",3.47
"587","CER-S","fall_2021","Fungi · Fungi",0.08
"588","CER-S","fall_2021","Fungi · NA",0.3
"589","CER-S","fall_2021","Cercozoa · Filosa-Imbricatea",0.01
"590","CER-S","fall_2021","Bigyra · Bicoecea",0.91
"591","CER-S","fall_2021","Bigyra · Opalozoa",0.09
"592","CER-S","fall_2021","Choanoflagellata · Choanoflagellatea",0.07
"593","CER-S","fall_2021","Chrompodellids · Colpodellidea",3.04
"594","CER-S","fall_2021","Telonemia · Telonemia",0
"595","CER-S","fall_2021","Fungi · Chytridiomycota",0.34
"596","CER-S","fall_2021","Perkinsea · Perkinsida",0.06
"597","CER-S","fall_2021","Perkinsea · Perkinsea",0.03
"598","CER-S","fall_2021","Others",1.49
"599","CER-S","winter_2021","Gyrista · Chrysophyceae",18.42
"600","CER-S","winter_2021","Gyrista · Bacillariophyceae",0.04
"601","CER-S","winter_2021","Gyrista · Mediophyceae",0
"602","CER-S","winter_2021","Chlorophyta · Chlorophyceae",1.02
"603","CER-S","winter_2021","Chlorophyta · Chlorodendrophyceae",0
"604","CER-S","winter_2021","Chlorophyta · Trebouxiophyceae",6.65
"605","CER-S","winter_2021","Cryptophyta · Cryptophyceae",40.84
"606","CER-S","winter_2021","Dinoflagellata · Dinophyceae",0.04
"607","CER-S","winter_2021","Ciliophora · CONThreeP",2.3
"608","CER-S","winter_2021","Ciliophora · Oligohymenophorea",0.03
"609","CER-S","winter_2021","Ciliophora · Litostomatea",0
"610","CER-S","winter_2021","Ciliophora · Nassophorea",0
"611","CER-S","winter_2021","Ciliophora · Spirotrichea",11.31
"612","CER-S","winter_2021","Kathablepharida · Kathablepharidea",6.37
"613","CER-S","winter_2021","Fungi · Fungi",0.18
"614","CER-S","winter_2021","Fungi · NA",0.03
"615","CER-S","winter_2021","Cercozoa · Filosa-Imbricatea",0.02
"616","CER-S","winter_2021","Bigyra · Bicoecea",0.8
"617","CER-S","winter_2021","Bigyra · Opalozoa",0.12
"618","CER-S","winter_2021","Choanoflagellata · Choanoflagellatea",0.08
"619","CER-S","winter_2021","Chrompodellids · Colpodellidea",8.12
"620","CER-S","winter_2021","Telonemia · Telonemia",0
"621","CER-S","winter_2021","Fungi · Chytridiomycota",0.39
"622","CER-S","winter_2021","Perkinsea · Perkinsida",0.17
"623","CER-S","winter_2021","Perkinsea · Perkinsea",0
"624","CER-S","winter_2021","Others",3.06
"625","CER-S","spring_2022","Gyrista · Chrysophyceae",24.16
"626","CER-S","spring_2022","Gyrista · Bacillariophyceae",0.07
"627","CER-S","spring_2022","Gyrista · Mediophyceae",0
"628","CER-S","spring_2022","Chlorophyta · Chlorophyceae",13.43
"629","CER-S","spring_2022","Chlorophyta · Chlorodendrophyceae",0
"630","CER-S","spring_2022","Chlorophyta · Trebouxiophyceae",0.54
"631","CER-S","spring_2022","Cryptophyta · Cryptophyceae",28.4
"632","CER-S","spring_2022","Dinoflagellata · Dinophyceae",0.23
"633","CER-S","spring_2022","Ciliophora · CONThreeP",0.98
"634","CER-S","spring_2022","Ciliophora · Oligohymenophorea",1.1
"635","CER-S","spring_2022","Ciliophora · Litostomatea",0.04
"636","CER-S","spring_2022","Ciliophora · Nassophorea",0
"637","CER-S","spring_2022","Ciliophora · Spirotrichea",10.05
"638","CER-S","spring_2022","Kathablepharida · Kathablepharidea",2.28
"639","CER-S","spring_2022","Fungi · Fungi",1.76
"640","CER-S","spring_2022","Fungi · NA",1.56
"641","CER-S","spring_2022","Cercozoa · Filosa-Imbricatea",0
"642","CER-S","spring_2022","Bigyra · Bicoecea",1.74
"643","CER-S","spring_2022","Bigyra · Opalozoa",0.3
"644","CER-S","spring_2022","Choanoflagellata · Choanoflagellatea",0.83
"645","CER-S","spring_2022","Chrompodellids · Colpodellidea",2.23
"646","CER-S","spring_2022","Telonemia · Telonemia",0.01
"647","CER-S","spring_2022","Fungi · Chytridiomycota",5.67
"648","CER-S","spring_2022","Perkinsea · Perkinsida",1.45
"649","CER-S","spring_2022","Perkinsea · Perkinsea",0.29
"650","CER-S","spring_2022","Others",2.9
"651","CER-S","summer_2022","Gyrista · Chrysophyceae",8.16
"652","CER-S","summer_2022","Gyrista · Bacillariophyceae",0.42
"653","CER-S","summer_2022","Gyrista · Mediophyceae",0.01
"654","CER-S","summer_2022","Chlorophyta · Chlorophyceae",8.11
"655","CER-S","summer_2022","Chlorophyta · Chlorodendrophyceae",0.01
"656","CER-S","summer_2022","Chlorophyta · Trebouxiophyceae",0.4
"657","CER-S","summer_2022","Cryptophyta · Cryptophyceae",30.08
"658","CER-S","summer_2022","Dinoflagellata · Dinophyceae",1.99
"659","CER-S","summer_2022","Ciliophora · CONThreeP",0.98
"660","CER-S","summer_2022","Ciliophora · Oligohymenophorea",0.71
"661","CER-S","summer_2022","Ciliophora · Litostomatea",1.1
"662","CER-S","summer_2022","Ciliophora · Nassophorea",0
"663","CER-S","summer_2022","Ciliophora · Spirotrichea",19.11
"664","CER-S","summer_2022","Kathablepharida · Kathablepharidea",2.1
"665","CER-S","summer_2022","Fungi · Fungi",4.52
"666","CER-S","summer_2022","Fungi · NA",1.37
"667","CER-S","summer_2022","Cercozoa · Filosa-Imbricatea",0.04
"668","CER-S","summer_2022","Bigyra · Bicoecea",3.5
"669","CER-S","summer_2022","Bigyra · Opalozoa",1.61
"670","CER-S","summer_2022","Choanoflagellata · Choanoflagellatea",1
"671","CER-S","summer_2022","Chrompodellids · Colpodellidea",2.88
"672","CER-S","summer_2022","Telonemia · Telonemia",0
"673","CER-S","summer_2022","Fungi · Chytridiomycota",4.45
"674","CER-S","summer_2022","Perkinsea · Perkinsida",0.18
"675","CER-S","summer_2022","Perkinsea · Perkinsea",0.1
"676","CER-S","summer_2022","Others",7.11
"677","CER-S","fall_2022","Gyrista · Chrysophyceae",16.85
"678","CER-S","fall_2022","Gyrista · Bacillariophyceae",0.37
"679","CER-S","fall_2022","Gyrista · Mediophyceae",0.98
"680","CER-S","fall_2022","Chlorophyta · Chlorophyceae",3.43
"681","CER-S","fall_2022","Chlorophyta · Chlorodendrophyceae",0.19
"682","CER-S","fall_2022","Chlorophyta · Trebouxiophyceae",0.66
"683","CER-S","fall_2022","Cryptophyta · Cryptophyceae",42.14
"684","CER-S","fall_2022","Dinoflagellata · Dinophyceae",0.21
"685","CER-S","fall_2022","Ciliophora · CONThreeP",2.31
"686","CER-S","fall_2022","Ciliophora · Oligohymenophorea",0.56
"687","CER-S","fall_2022","Ciliophora · Litostomatea",0.63
"688","CER-S","fall_2022","Ciliophora · Nassophorea",0
"689","CER-S","fall_2022","Ciliophora · Spirotrichea",13.27
"690","CER-S","fall_2022","Kathablepharida · Kathablepharidea",1.92
"691","CER-S","fall_2022","Fungi · Fungi",0.49
"692","CER-S","fall_2022","Fungi · NA",0.78
"693","CER-S","fall_2022","Cercozoa · Filosa-Imbricatea",0.24
"694","CER-S","fall_2022","Bigyra · Bicoecea",0.92
"695","CER-S","fall_2022","Bigyra · Opalozoa",0.56
"696","CER-S","fall_2022","Choanoflagellata · Choanoflagellatea",0.35
"697","CER-S","fall_2022","Chrompodellids · Colpodellidea",3.03
"698","CER-S","fall_2022","Telonemia · Telonemia",0
"699","CER-S","fall_2022","Fungi · Chytridiomycota",2.28
"700","CER-S","fall_2022","Perkinsea · Perkinsida",2.2
"701","CER-S","fall_2022","Perkinsea · Perkinsea",0.05
"702","CER-S","fall_2022","Others",5.53
"703","CER-S","winter_2022","Gyrista · Chrysophyceae",51.19
"704","CER-S","winter_2022","Gyrista · Bacillariophyceae",0.18
"705","CER-S","winter_2022","Gyrista · Mediophyceae",0.03
"706","CER-S","winter_2022","Chlorophyta · Chlorophyceae",0.56
"707","CER-S","winter_2022","Chlorophyta · Chlorodendrophyceae",0
"708","CER-S","winter_2022","Chlorophyta · Trebouxiophyceae",0.07
"709","CER-S","winter_2022","Cryptophyta · Cryptophyceae",35.5
"710","CER-S","winter_2022","Dinoflagellata · Dinophyceae",0.02
"711","CER-S","winter_2022","Ciliophora · CONThreeP",0.36
"712","CER-S","winter_2022","Ciliophora · Oligohymenophorea",0.05
"713","CER-S","winter_2022","Ciliophora · Litostomatea",2.92
"714","CER-S","winter_2022","Ciliophora · Nassophorea",0
"715","CER-S","winter_2022","Ciliophora · Spirotrichea",3.11
"716","CER-S","winter_2022","Kathablepharida · Kathablepharidea",1.14
"717","CER-S","winter_2022","Fungi · Fungi",0.08
"718","CER-S","winter_2022","Fungi · NA",0.04
"719","CER-S","winter_2022","Cercozoa · Filosa-Imbricatea",0
"720","CER-S","winter_2022","Bigyra · Bicoecea",0.86
"721","CER-S","winter_2022","Bigyra · Opalozoa",0.04
"722","CER-S","winter_2022","Choanoflagellata · Choanoflagellatea",0
"723","CER-S","winter_2022","Chrompodellids · Colpodellidea",1.68
"724","CER-S","winter_2022","Telonemia · Telonemia",0
"725","CER-S","winter_2022","Fungi · Chytridiomycota",0.08
"726","CER-S","winter_2022","Perkinsea · Perkinsida",0.02
"727","CER-S","winter_2022","Perkinsea · Perkinsea",0
"728","CER-S","winter_2022","Others",2.06
"729","CRE","summer_2021","Gyrista · Chrysophyceae",1.82
"730","CRE","summer_2021","Gyrista · Bacillariophyceae",0.45
"731","CRE","summer_2021","Gyrista · Mediophyceae",0.49
"732","CRE","summer_2021","Chlorophyta · Chlorophyceae",10.94
"733","CRE","summer_2021","Chlorophyta · Chlorodendrophyceae",10.24
"734","CRE","summer_2021","Chlorophyta · Trebouxiophyceae",0.68
"735","CRE","summer_2021","Cryptophyta · Cryptophyceae",47.44
"736","CRE","summer_2021","Dinoflagellata · Dinophyceae",0.36
"737","CRE","summer_2021","Ciliophora · CONThreeP",0.74
"738","CRE","summer_2021","Ciliophora · Oligohymenophorea",2.25
"739","CRE","summer_2021","Ciliophora · Litostomatea",0
"740","CRE","summer_2021","Ciliophora · Nassophorea",0.26
"741","CRE","summer_2021","Ciliophora · Spirotrichea",12.95
"742","CRE","summer_2021","Kathablepharida · Kathablepharidea",0.89
"743","CRE","summer_2021","Fungi · Fungi",0.8
"744","CRE","summer_2021","Fungi · NA",0.45
"745","CRE","summer_2021","Cercozoa · Filosa-Imbricatea",0
"746","CRE","summer_2021","Bigyra · Bicoecea",0.32
"747","CRE","summer_2021","Bigyra · Opalozoa",0.4
"748","CRE","summer_2021","Choanoflagellata · Choanoflagellatea",0.22
"749","CRE","summer_2021","Chrompodellids · Colpodellidea",1.91
"750","CRE","summer_2021","Telonemia · Telonemia",0
"751","CRE","summer_2021","Fungi · Chytridiomycota",4.14
"752","CRE","summer_2021","Perkinsea · Perkinsida",0
"753","CRE","summer_2021","Perkinsea · Perkinsea",0.06
"754","CRE","summer_2021","Others",2.18
"755","CRE","fall_2021","Gyrista · Chrysophyceae",1.5
"756","CRE","fall_2021","Gyrista · Bacillariophyceae",8.08
"757","CRE","fall_2021","Gyrista · Mediophyceae",7.43
"758","CRE","fall_2021","Chlorophyta · Chlorophyceae",14.27
"759","CRE","fall_2021","Chlorophyta · Chlorodendrophyceae",0
"760","CRE","fall_2021","Chlorophyta · Trebouxiophyceae",0.8
"761","CRE","fall_2021","Cryptophyta · Cryptophyceae",31.95
"762","CRE","fall_2021","Dinoflagellata · Dinophyceae",0.06
"763","CRE","fall_2021","Ciliophora · CONThreeP",1.69
"764","CRE","fall_2021","Ciliophora · Oligohymenophorea",0.12
"765","CRE","fall_2021","Ciliophora · Litostomatea",0
"766","CRE","fall_2021","Ciliophora · Nassophorea",0
"767","CRE","fall_2021","Ciliophora · Spirotrichea",19.09
"768","CRE","fall_2021","Kathablepharida · Kathablepharidea",1.86
"769","CRE","fall_2021","Fungi · Fungi",0.33
"770","CRE","fall_2021","Fungi · NA",0.43
"771","CRE","fall_2021","Cercozoa · Filosa-Imbricatea",0.01
"772","CRE","fall_2021","Bigyra · Bicoecea",0.45
"773","CRE","fall_2021","Bigyra · Opalozoa",0.05
"774","CRE","fall_2021","Choanoflagellata · Choanoflagellatea",0.76
"775","CRE","fall_2021","Chrompodellids · Colpodellidea",5.22
"776","CRE","fall_2021","Telonemia · Telonemia",0
"777","CRE","fall_2021","Fungi · Chytridiomycota",1.7
"778","CRE","fall_2021","Perkinsea · Perkinsida",0
"779","CRE","fall_2021","Perkinsea · Perkinsea",0.02
"780","CRE","fall_2021","Others",4.18
"781","CRE","winter_2021","Gyrista · Chrysophyceae",17.99
"782","CRE","winter_2021","Gyrista · Bacillariophyceae",3.63
"783","CRE","winter_2021","Gyrista · Mediophyceae",17.03
"784","CRE","winter_2021","Chlorophyta · Chlorophyceae",0.54
"785","CRE","winter_2021","Chlorophyta · Chlorodendrophyceae",0
"786","CRE","winter_2021","Chlorophyta · Trebouxiophyceae",4.04
"787","CRE","winter_2021","Cryptophyta · Cryptophyceae",28.21
"788","CRE","winter_2021","Dinoflagellata · Dinophyceae",0
"789","CRE","winter_2021","Ciliophora · CONThreeP",4.13
"790","CRE","winter_2021","Ciliophora · Oligohymenophorea",0.95
"791","CRE","winter_2021","Ciliophora · Litostomatea",0
"792","CRE","winter_2021","Ciliophora · Nassophorea",0
"793","CRE","winter_2021","Ciliophora · Spirotrichea",16.85
"794","CRE","winter_2021","Kathablepharida · Kathablepharidea",3.17
"795","CRE","winter_2021","Fungi · Fungi",0.6
"796","CRE","winter_2021","Fungi · NA",0.04
"797","CRE","winter_2021","Cercozoa · Filosa-Imbricatea",0
"798","CRE","winter_2021","Bigyra · Bicoecea",0.14
"799","CRE","winter_2021","Bigyra · Opalozoa",0.1
"800","CRE","winter_2021","Choanoflagellata · Choanoflagellatea",0.01
"801","CRE","winter_2021","Chrompodellids · Colpodellidea",0.3
"802","CRE","winter_2021","Telonemia · Telonemia",0
"803","CRE","winter_2021","Fungi · Chytridiomycota",0.03
"804","CRE","winter_2021","Perkinsea · Perkinsida",0
"805","CRE","winter_2021","Perkinsea · Perkinsea",0
"806","CRE","winter_2021","Others",2.23
"807","CRE","spring_2022","Gyrista · Chrysophyceae",4.78
"808","CRE","spring_2022","Gyrista · Bacillariophyceae",0.04
"809","CRE","spring_2022","Gyrista · Mediophyceae",3.1
"810","CRE","spring_2022","Chlorophyta · Chlorophyceae",32.41
"811","CRE","spring_2022","Chlorophyta · Chlorodendrophyceae",0
"812","CRE","spring_2022","Chlorophyta · Trebouxiophyceae",1.38
"813","CRE","spring_2022","Cryptophyta · Cryptophyceae",38.52
"814","CRE","spring_2022","Dinoflagellata · Dinophyceae",0.03
"815","CRE","spring_2022","Ciliophora · CONThreeP",0.17
"816","CRE","spring_2022","Ciliophora · Oligohymenophorea",0.43
"817","CRE","spring_2022","Ciliophora · Litostomatea",0
"818","CRE","spring_2022","Ciliophora · Nassophorea",0
"819","CRE","spring_2022","Ciliophora · Spirotrichea",9.05
"820","CRE","spring_2022","Kathablepharida · Kathablepharidea",0.03
"821","CRE","spring_2022","Fungi · Fungi",1.32
"822","CRE","spring_2022","Fungi · NA",2.1
"823","CRE","spring_2022","Cercozoa · Filosa-Imbricatea",0
"824","CRE","spring_2022","Bigyra · Bicoecea",0.25
"825","CRE","spring_2022","Bigyra · Opalozoa",0.46
"826","CRE","spring_2022","Choanoflagellata · Choanoflagellatea",0.01
"827","CRE","spring_2022","Chrompodellids · Colpodellidea",1.43
"828","CRE","spring_2022","Telonemia · Telonemia",0
"829","CRE","spring_2022","Fungi · Chytridiomycota",2.42
"830","CRE","spring_2022","Perkinsea · Perkinsida",0.03
"831","CRE","spring_2022","Perkinsea · Perkinsea",0
"832","CRE","spring_2022","Others",2.03
"833","CRE","summer_2022","Gyrista · Chrysophyceae",1.27
"834","CRE","summer_2022","Gyrista · Bacillariophyceae",1.24
"835","CRE","summer_2022","Gyrista · Mediophyceae",0.32
"836","CRE","summer_2022","Chlorophyta · Chlorophyceae",23.64
"837","CRE","summer_2022","Chlorophyta · Chlorodendrophyceae",1.1
"838","CRE","summer_2022","Chlorophyta · Trebouxiophyceae",0.18
"839","CRE","summer_2022","Cryptophyta · Cryptophyceae",38.39
"840","CRE","summer_2022","Dinoflagellata · Dinophyceae",0.57
"841","CRE","summer_2022","Ciliophora · CONThreeP",0.42
"842","CRE","summer_2022","Ciliophora · Oligohymenophorea",0.59
"843","CRE","summer_2022","Ciliophora · Litostomatea",0
"844","CRE","summer_2022","Ciliophora · Nassophorea",0.03
"845","CRE","summer_2022","Ciliophora · Spirotrichea",5.39
"846","CRE","summer_2022","Kathablepharida · Kathablepharidea",1.88
"847","CRE","summer_2022","Fungi · Fungi",9.56
"848","CRE","summer_2022","Fungi · NA",1.77
"849","CRE","summer_2022","Cercozoa · Filosa-Imbricatea",0.1
"850","CRE","summer_2022","Bigyra · Bicoecea",0.37
"851","CRE","summer_2022","Bigyra · Opalozoa",0.99
"852","CRE","summer_2022","Choanoflagellata · Choanoflagellatea",0.24
"853","CRE","summer_2022","Chrompodellids · Colpodellidea",0.94
"854","CRE","summer_2022","Telonemia · Telonemia",0
"855","CRE","summer_2022","Fungi · Chytridiomycota",5.08
"856","CRE","summer_2022","Perkinsea · Perkinsida",0.26
"857","CRE","summer_2022","Perkinsea · Perkinsea",0
"858","CRE","summer_2022","Others",5.68
"859","CRE","fall_2022","Gyrista · Chrysophyceae",4.03
"860","CRE","fall_2022","Gyrista · Bacillariophyceae",0.03
"861","CRE","fall_2022","Gyrista · Mediophyceae",3.46
"862","CRE","fall_2022","Chlorophyta · Chlorophyceae",4.74
"863","CRE","fall_2022","Chlorophyta · Chlorodendrophyceae",0.01
"864","CRE","fall_2022","Chlorophyta · Trebouxiophyceae",0.08
"865","CRE","fall_2022","Cryptophyta · Cryptophyceae",40.61
"866","CRE","fall_2022","Dinoflagellata · Dinophyceae",0.26
"867","CRE","fall_2022","Ciliophora · CONThreeP",2.63
"868","CRE","fall_2022","Ciliophora · Oligohymenophorea",3.65
"869","CRE","fall_2022","Ciliophora · Litostomatea",0.13
"870","CRE","fall_2022","Ciliophora · Nassophorea",0
"871","CRE","fall_2022","Ciliophora · Spirotrichea",9.97
"872","CRE","fall_2022","Kathablepharida · Kathablepharidea",8.03
"873","CRE","fall_2022","Fungi · Fungi",0.01
"874","CRE","fall_2022","Fungi · NA",0.67
"875","CRE","fall_2022","Cercozoa · Filosa-Imbricatea",0.14
"876","CRE","fall_2022","Bigyra · Bicoecea",0.17
"877","CRE","fall_2022","Bigyra · Opalozoa",5.1
"878","CRE","fall_2022","Choanoflagellata · Choanoflagellatea",1.93
"879","CRE","fall_2022","Chrompodellids · Colpodellidea",0.36
"880","CRE","fall_2022","Telonemia · Telonemia",0
"881","CRE","fall_2022","Fungi · Chytridiomycota",5.98
"882","CRE","fall_2022","Perkinsea · Perkinsida",0.26
"883","CRE","fall_2022","Perkinsea · Perkinsea",0.58
"884","CRE","fall_2022","Others",7.17
"885","CRE","winter_2022","Gyrista · Chrysophyceae",1.11
"886","CRE","winter_2022","Gyrista · Bacillariophyceae",0.2
"887","CRE","winter_2022","Gyrista · Mediophyceae",0.47
"888","CRE","winter_2022","Chlorophyta · Chlorophyceae",0.38
"889","CRE","winter_2022","Chlorophyta · Chlorodendrophyceae",0
"890","CRE","winter_2022","Chlorophyta · Trebouxiophyceae",0.02
"891","CRE","winter_2022","Cryptophyta · Cryptophyceae",83.7
"892","CRE","winter_2022","Dinoflagellata · Dinophyceae",0.01
"893","CRE","winter_2022","Ciliophora · CONThreeP",0.47
"894","CRE","winter_2022","Ciliophora · Oligohymenophorea",1.21
"895","CRE","winter_2022","Ciliophora · Litostomatea",0.23
"896","CRE","winter_2022","Ciliophora · Nassophorea",0
"897","CRE","winter_2022","Ciliophora · Spirotrichea",8.05
"898","CRE","winter_2022","Kathablepharida · Kathablepharidea",0.04
"899","CRE","winter_2022","Fungi · Fungi",0.04
"900","CRE","winter_2022","Fungi · NA",0.19
"901","CRE","winter_2022","Cercozoa · Filosa-Imbricatea",0.01
"902","CRE","winter_2022","Bigyra · Bicoecea",0
"903","CRE","winter_2022","Bigyra · Opalozoa",0.09
"904","CRE","winter_2022","Choanoflagellata · Choanoflagellatea",0.01
"905","CRE","winter_2022","Chrompodellids · Colpodellidea",0.31
"906","CRE","winter_2022","Telonemia · Telonemia",0
"907","CRE","winter_2022","Fungi · Chytridiomycota",0.52
"908","CRE","winter_2022","Perkinsea · Perkinsida",0.02
"909","CRE","winter_2022","Perkinsea · Perkinsea",0.08
"910","CRE","winter_2022","Others",2.81
"911","BLR","summer_2021","Gyrista · Chrysophyceae",12.16
"912","BLR","summer_2021","Gyrista · Bacillariophyceae",0.06
"913","BLR","summer_2021","Gyrista · Mediophyceae",3.83
"914","BLR","summer_2021","Chlorophyta · Chlorophyceae",11.94
"915","BLR","summer_2021","Chlorophyta · Chlorodendrophyceae",0.03
"916","BLR","summer_2021","Chlorophyta · Trebouxiophyceae",0.44
"917","BLR","summer_2021","Cryptophyta · Cryptophyceae",22.78
"918","BLR","summer_2021","Dinoflagellata · Dinophyceae",3.84
"919","BLR","summer_2021","Ciliophora · CONThreeP",0.76
"920","BLR","summer_2021","Ciliophora · Oligohymenophorea",0.08
"921","BLR","summer_2021","Ciliophora · Litostomatea",0
"922","BLR","summer_2021","Ciliophora · Nassophorea",0.01
"923","BLR","summer_2021","Ciliophora · Spirotrichea",18.45
"924","BLR","summer_2021","Kathablepharida · Kathablepharidea",4.17
"925","BLR","summer_2021","Fungi · Fungi",0.41
"926","BLR","summer_2021","Fungi · NA",1.27
"927","BLR","summer_2021","Cercozoa · Filosa-Imbricatea",2.11
"928","BLR","summer_2021","Bigyra · Bicoecea",0.53
"929","BLR","summer_2021","Bigyra · Opalozoa",0.48
"930","BLR","summer_2021","Choanoflagellata · Choanoflagellatea",0.52
"931","BLR","summer_2021","Chrompodellids · Colpodellidea",1.94
"932","BLR","summer_2021","Telonemia · Telonemia",0
"933","BLR","summer_2021","Fungi · Chytridiomycota",10.81
"934","BLR","summer_2021","Perkinsea · Perkinsida",0.94
"935","BLR","summer_2021","Perkinsea · Perkinsea",0
"936","BLR","summer_2021","Others",2.42
"937","BLR","fall_2021","Gyrista · Chrysophyceae",9.56
"938","BLR","fall_2021","Gyrista · Bacillariophyceae",0.05
"939","BLR","fall_2021","Gyrista · Mediophyceae",0.64
"940","BLR","fall_2021","Chlorophyta · Chlorophyceae",9.75
"941","BLR","fall_2021","Chlorophyta · Chlorodendrophyceae",0
"942","BLR","fall_2021","Chlorophyta · Trebouxiophyceae",0.51
"943","BLR","fall_2021","Cryptophyta · Cryptophyceae",26.16
"944","BLR","fall_2021","Dinoflagellata · Dinophyceae",1.31
"945","BLR","fall_2021","Ciliophora · CONThreeP",3.58
"946","BLR","fall_2021","Ciliophora · Oligohymenophorea",0.1
"947","BLR","fall_2021","Ciliophora · Litostomatea",0
"948","BLR","fall_2021","Ciliophora · Nassophorea",0
"949","BLR","fall_2021","Ciliophora · Spirotrichea",20.59
"950","BLR","fall_2021","Kathablepharida · Kathablepharidea",9.9
"951","BLR","fall_2021","Fungi · Fungi",0.55
"952","BLR","fall_2021","Fungi · NA",1.22
"953","BLR","fall_2021","Cercozoa · Filosa-Imbricatea",2.75
"954","BLR","fall_2021","Bigyra · Bicoecea",1.13
"955","BLR","fall_2021","Bigyra · Opalozoa",0.66
"956","BLR","fall_2021","Choanoflagellata · Choanoflagellatea",1.61
"957","BLR","fall_2021","Chrompodellids · Colpodellidea",0.63
"958","BLR","fall_2021","Telonemia · Telonemia",0.01
"959","BLR","fall_2021","Fungi · Chytridiomycota",2.62
"960","BLR","fall_2021","Perkinsea · Perkinsida",0.92
"961","BLR","fall_2021","Perkinsea · Perkinsea",2.14
"962","BLR","fall_2021","Others",3.56
"963","BLR","winter_2021","Gyrista · Chrysophyceae",7.12
"964","BLR","winter_2021","Gyrista · Bacillariophyceae",0.01
"965","BLR","winter_2021","Gyrista · Mediophyceae",5.38
"966","BLR","winter_2021","Chlorophyta · Chlorophyceae",2.29
"967","BLR","winter_2021","Chlorophyta · Chlorodendrophyceae",0.1
"968","BLR","winter_2021","Chlorophyta · Trebouxiophyceae",1.46
"969","BLR","winter_2021","Cryptophyta · Cryptophyceae",21.6
"970","BLR","winter_2021","Dinoflagellata · Dinophyceae",2.62
"971","BLR","winter_2021","Ciliophora · CONThreeP",2.12
"972","BLR","winter_2021","Ciliophora · Oligohymenophorea",0.12
"973","BLR","winter_2021","Ciliophora · Litostomatea",0.07
"974","BLR","winter_2021","Ciliophora · Nassophorea",0
"975","BLR","winter_2021","Ciliophora · Spirotrichea",19.53
"976","BLR","winter_2021","Kathablepharida · Kathablepharidea",17.1
"977","BLR","winter_2021","Fungi · Fungi",0.09
"978","BLR","winter_2021","Fungi · NA",0.4
"979","BLR","winter_2021","Cercozoa · Filosa-Imbricatea",0.28
"980","BLR","winter_2021","Bigyra · Bicoecea",1.01
"981","BLR","winter_2021","Bigyra · Opalozoa",0.21
"982","BLR","winter_2021","Choanoflagellata · Choanoflagellatea",0.14
"983","BLR","winter_2021","Chrompodellids · Colpodellidea",0.25
"984","BLR","winter_2021","Telonemia · Telonemia",9.44
"985","BLR","winter_2021","Fungi · Chytridiomycota",4.72
"986","BLR","winter_2021","Perkinsea · Perkinsida",0.59
"987","BLR","winter_2021","Perkinsea · Perkinsea",0
"988","BLR","winter_2021","Others",3.37
"989","BLR","spring_2022","Gyrista · Chrysophyceae",19.18
"990","BLR","spring_2022","Gyrista · Bacillariophyceae",0.03
"991","BLR","spring_2022","Gyrista · Mediophyceae",1.23
"992","BLR","spring_2022","Chlorophyta · Chlorophyceae",5.58
"993","BLR","spring_2022","Chlorophyta · Chlorodendrophyceae",0
"994","BLR","spring_2022","Chlorophyta · Trebouxiophyceae",1.27
"995","BLR","spring_2022","Cryptophyta · Cryptophyceae",24.47
"996","BLR","spring_2022","Dinoflagellata · Dinophyceae",4.22
"997","BLR","spring_2022","Ciliophora · CONThreeP",1.58
"998","BLR","spring_2022","Ciliophora · Oligohymenophorea",1.07
"999","BLR","spring_2022","Ciliophora · Litostomatea",0.36
"1000","BLR","spring_2022","Ciliophora · Nassophorea",0
"1001","BLR","spring_2022","Ciliophora · Spirotrichea",21.89
"1002","BLR","spring_2022","Kathablepharida · Kathablepharidea",6.56
"1003","BLR","spring_2022","Fungi · Fungi",0.22
"1004","BLR","spring_2022","Fungi · NA",0.75
"1005","BLR","spring_2022","Cercozoa · Filosa-Imbricatea",1.18
"1006","BLR","spring_2022","Bigyra · Bicoecea",1.23
"1007","BLR","spring_2022","Bigyra · Opalozoa",0.6
"1008","BLR","spring_2022","Choanoflagellata · Choanoflagellatea",0.09
"1009","BLR","spring_2022","Chrompodellids · Colpodellidea",1.02
"1010","BLR","spring_2022","Telonemia · Telonemia",0.5
"1011","BLR","spring_2022","Fungi · Chytridiomycota",2.71
"1012","BLR","spring_2022","Perkinsea · Perkinsida",0.59
"1013","BLR","spring_2022","Perkinsea · Perkinsea",0.65
"1014","BLR","spring_2022","Others",3.04
"1015","BLR","summer_2022","Gyrista · Chrysophyceae",10.5
"1016","BLR","summer_2022","Gyrista · Bacillariophyceae",0.06
"1017","BLR","summer_2022","Gyrista · Mediophyceae",0.98
"1018","BLR","summer_2022","Chlorophyta · Chlorophyceae",15.87
"1019","BLR","summer_2022","Chlorophyta · Chlorodendrophyceae",0.06
"1020","BLR","summer_2022","Chlorophyta · Trebouxiophyceae",0.29
"1021","BLR","summer_2022","Cryptophyta · Cryptophyceae",17.75
"1022","BLR","summer_2022","Dinoflagellata · Dinophyceae",8.8
"1023","BLR","summer_2022","Ciliophora · CONThreeP",0.25
"1024","BLR","summer_2022","Ciliophora · Oligohymenophorea",0.62
"1025","BLR","summer_2022","Ciliophora · Litostomatea",1.76
"1026","BLR","summer_2022","Ciliophora · Nassophorea",0
"1027","BLR","summer_2022","Ciliophora · Spirotrichea",5.61
"1028","BLR","summer_2022","Kathablepharida · Kathablepharidea",3.05
"1029","BLR","summer_2022","Fungi · Fungi",0.89
"1030","BLR","summer_2022","Fungi · NA",4.34
"1031","BLR","summer_2022","Cercozoa · Filosa-Imbricatea",4.4
"1032","BLR","summer_2022","Bigyra · Bicoecea",1.09
"1033","BLR","summer_2022","Bigyra · Opalozoa",1.27
"1034","BLR","summer_2022","Choanoflagellata · Choanoflagellatea",0.43
"1035","BLR","summer_2022","Chrompodellids · Colpodellidea",1.69
"1036","BLR","summer_2022","Telonemia · Telonemia",0
"1037","BLR","summer_2022","Fungi · Chytridiomycota",5.64
"1038","BLR","summer_2022","Perkinsea · Perkinsida",1.19
"1039","BLR","summer_2022","Perkinsea · Perkinsea",0
"1040","BLR","summer_2022","Others",13.41
"1041","BLR","fall_2022","Gyrista · Chrysophyceae",7.4
"1042","BLR","fall_2022","Gyrista · Bacillariophyceae",0.1
"1043","BLR","fall_2022","Gyrista · Mediophyceae",4.61
"1044","BLR","fall_2022","Chlorophyta · Chlorophyceae",14.4
"1045","BLR","fall_2022","Chlorophyta · Chlorodendrophyceae",0.06
"1046","BLR","fall_2022","Chlorophyta · Trebouxiophyceae",0.13
"1047","BLR","fall_2022","Cryptophyta · Cryptophyceae",22.7
"1048","BLR","fall_2022","Dinoflagellata · Dinophyceae",3.72
"1049","BLR","fall_2022","Ciliophora · CONThreeP",2.78
"1050","BLR","fall_2022","Ciliophora · Oligohymenophorea",0.05
"1051","BLR","fall_2022","Ciliophora · Litostomatea",4.13
"1052","BLR","fall_2022","Ciliophora · Nassophorea",0.02
"1053","BLR","fall_2022","Ciliophora · Spirotrichea",10.61
"1054","BLR","fall_2022","Kathablepharida · Kathablepharidea",6.6
"1055","BLR","fall_2022","Fungi · Fungi",1.13
"1056","BLR","fall_2022","Fungi · NA",1.53
"1057","BLR","fall_2022","Cercozoa · Filosa-Imbricatea",1.21
"1058","BLR","fall_2022","Bigyra · Bicoecea",0.72
"1059","BLR","fall_2022","Bigyra · Opalozoa",1.11
"1060","BLR","fall_2022","Choanoflagellata · Choanoflagellatea",1.02
"1061","BLR","fall_2022","Chrompodellids · Colpodellidea",0.71
"1062","BLR","fall_2022","Telonemia · Telonemia",0.04
"1063","BLR","fall_2022","Fungi · Chytridiomycota",3.17
"1064","BLR","fall_2022","Perkinsea · Perkinsida",1.57
"1065","BLR","fall_2022","Perkinsea · Perkinsea",0.01
"1066","BLR","fall_2022","Others",10.48
"1067","BLR","winter_2022","Gyrista · Chrysophyceae",11.11
"1068","BLR","winter_2022","Gyrista · Bacillariophyceae",0.02
"1069","BLR","winter_2022","Gyrista · Mediophyceae",9.69
"1070","BLR","winter_2022","Chlorophyta · Chlorophyceae",4.14
"1071","BLR","winter_2022","Chlorophyta · Chlorodendrophyceae",0
"1072","BLR","winter_2022","Chlorophyta · Trebouxiophyceae",0.08
"1073","BLR","winter_2022","Cryptophyta · Cryptophyceae",27.33
"1074","BLR","winter_2022","Dinoflagellata · Dinophyceae",1.18
"1075","BLR","winter_2022","Ciliophora · CONThreeP",3.75
"1076","BLR","winter_2022","Ciliophora · Oligohymenophorea",0.11
"1077","BLR","winter_2022","Ciliophora · Litostomatea",18.61
"1078","BLR","winter_2022","Ciliophora · Nassophorea",0
"1079","BLR","winter_2022","Ciliophora · Spirotrichea",4.09
"1080","BLR","winter_2022","Kathablepharida · Kathablepharidea",5.34
"1081","BLR","winter_2022","Fungi · Fungi",0.54
"1082","BLR","winter_2022","Fungi · NA",0.84
"1083","BLR","winter_2022","Cercozoa · Filosa-Imbricatea",0.08
"1084","BLR","winter_2022","Bigyra · Bicoecea",2
"1085","BLR","winter_2022","Bigyra · Opalozoa",0.08
"1086","BLR","winter_2022","Choanoflagellata · Choanoflagellatea",0.14
"1087","BLR","winter_2022","Chrompodellids · Colpodellidea",2.11
"1088","BLR","winter_2022","Telonemia · Telonemia",0
"1089","BLR","winter_2022","Fungi · Chytridiomycota",1.05
"1090","BLR","winter_2022","Perkinsea · Perkinsida",0.66
"1091","BLR","winter_2022","Perkinsea · Perkinsea",0
"1092","BLR","winter_2022","Others",7.03
"1093","LGP","summer_2021","Gyrista · Chrysophyceae",2.32
"1094","LGP","summer_2021","Gyrista · Bacillariophyceae",0.08
"1095","LGP","summer_2021","Gyrista · Mediophyceae",3.49
"1096","LGP","summer_2021","Chlorophyta · Chlorophyceae",15.25
"1097","LGP","summer_2021","Chlorophyta · Chlorodendrophyceae",1.8
"1098","LGP","summer_2021","Chlorophyta · Trebouxiophyceae",0.35
"1099","LGP","summer_2021","Cryptophyta · Cryptophyceae",20.11
"1100","LGP","summer_2021","Dinoflagellata · Dinophyceae",14.81
"1101","LGP","summer_2021","Ciliophora · CONThreeP",0.22
"1102","LGP","summer_2021","Ciliophora · Oligohymenophorea",1.17
"1103","LGP","summer_2021","Ciliophora · Litostomatea",0.02
"1104","LGP","summer_2021","Ciliophora · Nassophorea",0.99
"1105","LGP","summer_2021","Ciliophora · Spirotrichea",8.6
"1106","LGP","summer_2021","Kathablepharida · Kathablepharidea",10.79
"1107","LGP","summer_2021","Fungi · Fungi",1.06
"1108","LGP","summer_2021","Fungi · NA",1
"1109","LGP","summer_2021","Cercozoa · Filosa-Imbricatea",0.06
"1110","LGP","summer_2021","Bigyra · Bicoecea",0.3
"1111","LGP","summer_2021","Bigyra · Opalozoa",0.33
"1112","LGP","summer_2021","Choanoflagellata · Choanoflagellatea",0.29
"1113","LGP","summer_2021","Chrompodellids · Colpodellidea",6.5
"1114","LGP","summer_2021","Telonemia · Telonemia",0
"1115","LGP","summer_2021","Fungi · Chytridiomycota",5.1
"1116","LGP","summer_2021","Perkinsea · Perkinsida",0.06
"1117","LGP","summer_2021","Perkinsea · Perkinsea",0.2
"1118","LGP","summer_2021","Others",5.1
"1119","LGP","fall_2021","Gyrista · Chrysophyceae",2.09
"1120","LGP","fall_2021","Gyrista · Bacillariophyceae",0.1
"1121","LGP","fall_2021","Gyrista · Mediophyceae",0.01
"1122","LGP","fall_2021","Chlorophyta · Chlorophyceae",1.18
"1123","LGP","fall_2021","Chlorophyta · Chlorodendrophyceae",0
"1124","LGP","fall_2021","Chlorophyta · Trebouxiophyceae",0.02
"1125","LGP","fall_2021","Cryptophyta · Cryptophyceae",80.02
"1126","LGP","fall_2021","Dinoflagellata · Dinophyceae",0.03
"1127","LGP","fall_2021","Ciliophora · CONThreeP",1.7
"1128","LGP","fall_2021","Ciliophora · Oligohymenophorea",0.25
"1129","LGP","fall_2021","Ciliophora · Litostomatea",0
"1130","LGP","fall_2021","Ciliophora · Nassophorea",0
"1131","LGP","fall_2021","Ciliophora · Spirotrichea",3.78
"1132","LGP","fall_2021","Kathablepharida · Kathablepharidea",6.09
"1133","LGP","fall_2021","Fungi · Fungi",0.01
"1134","LGP","fall_2021","Fungi · NA",0.35
"1135","LGP","fall_2021","Cercozoa · Filosa-Imbricatea",0.04
"1136","LGP","fall_2021","Bigyra · Bicoecea",0.51
"1137","LGP","fall_2021","Bigyra · Opalozoa",0.04
"1138","LGP","fall_2021","Choanoflagellata · Choanoflagellatea",0.16
"1139","LGP","fall_2021","Chrompodellids · Colpodellidea",1.32
"1140","LGP","fall_2021","Telonemia · Telonemia",0
"1141","LGP","fall_2021","Fungi · Chytridiomycota",0.21
"1142","LGP","fall_2021","Perkinsea · Perkinsida",0.14
"1143","LGP","fall_2021","Perkinsea · Perkinsea",0.04
"1144","LGP","fall_2021","Others",1.9
"1145","LGP","winter_2021","Gyrista · Chrysophyceae",5.86
"1146","LGP","winter_2021","Gyrista · Bacillariophyceae",0.12
"1147","LGP","winter_2021","Gyrista · Mediophyceae",1.28
"1148","LGP","winter_2021","Chlorophyta · Chlorophyceae",3.47
"1149","LGP","winter_2021","Chlorophyta · Chlorodendrophyceae",0
"1150","LGP","winter_2021","Chlorophyta · Trebouxiophyceae",0.2
"1151","LGP","winter_2021","Cryptophyta · Cryptophyceae",53.54
"1152","LGP","winter_2021","Dinoflagellata · Dinophyceae",0.69
"1153","LGP","winter_2021","Ciliophora · CONThreeP",1.39
"1154","LGP","winter_2021","Ciliophora · Oligohymenophorea",0.03
"1155","LGP","winter_2021","Ciliophora · Litostomatea",0.01
"1156","LGP","winter_2021","Ciliophora · Nassophorea",0
"1157","LGP","winter_2021","Ciliophora · Spirotrichea",10.93
"1158","LGP","winter_2021","Kathablepharida · Kathablepharidea",16.83
"1159","LGP","winter_2021","Fungi · Fungi",0.17
"1160","LGP","winter_2021","Fungi · NA",0.14
"1161","LGP","winter_2021","Cercozoa · Filosa-Imbricatea",0.07
"1162","LGP","winter_2021","Bigyra · Bicoecea",0.08
"1163","LGP","winter_2021","Bigyra · Opalozoa",0.05
"1164","LGP","winter_2021","Choanoflagellata · Choanoflagellatea",0.29
"1165","LGP","winter_2021","Chrompodellids · Colpodellidea",1.99
"1166","LGP","winter_2021","Telonemia · Telonemia",0.07
"1167","LGP","winter_2021","Fungi · Chytridiomycota",0.26
"1168","LGP","winter_2021","Perkinsea · Perkinsida",0.01
"1169","LGP","winter_2021","Perkinsea · Perkinsea",0
"1170","LGP","winter_2021","Others",2.49
"1171","LGP","spring_2022","Gyrista · Chrysophyceae",9.03
"1172","LGP","spring_2022","Gyrista · Bacillariophyceae",0.17
"1173","LGP","spring_2022","Gyrista · Mediophyceae",4.37
"1174","LGP","spring_2022","Chlorophyta · Chlorophyceae",10.29
"1175","LGP","spring_2022","Chlorophyta · Chlorodendrophyceae",0.02
"1176","LGP","spring_2022","Chlorophyta · Trebouxiophyceae",1.46
"1177","LGP","spring_2022","Cryptophyta · Cryptophyceae",30.23
"1178","LGP","spring_2022","Dinoflagellata · Dinophyceae",0.25
"1179","LGP","spring_2022","Ciliophora · CONThreeP",4.02
"1180","LGP","spring_2022","Ciliophora · Oligohymenophorea",0.08
"1181","LGP","spring_2022","Ciliophora · Litostomatea",0.75
"1182","LGP","spring_2022","Ciliophora · Nassophorea",0
"1183","LGP","spring_2022","Ciliophora · Spirotrichea",13.45
"1184","LGP","spring_2022","Kathablepharida · Kathablepharidea",4.97
"1185","LGP","spring_2022","Fungi · Fungi",2.74
"1186","LGP","spring_2022","Fungi · NA",1.09
"1187","LGP","spring_2022","Cercozoa · Filosa-Imbricatea",0.18
"1188","LGP","spring_2022","Bigyra · Bicoecea",0.51
"1189","LGP","spring_2022","Bigyra · Opalozoa",0.32
"1190","LGP","spring_2022","Choanoflagellata · Choanoflagellatea",0.13
"1191","LGP","spring_2022","Chrompodellids · Colpodellidea",0.45
"1192","LGP","spring_2022","Telonemia · Telonemia",0.03
"1193","LGP","spring_2022","Fungi · Chytridiomycota",2.36
"1194","LGP","spring_2022","Perkinsea · Perkinsida",7.94
"1195","LGP","spring_2022","Perkinsea · Perkinsea",1.84
"1196","LGP","spring_2022","Others",3.31
"1197","LGP","summer_2022","Gyrista · Chrysophyceae",19.48
"1198","LGP","summer_2022","Gyrista · Bacillariophyceae",0.88
"1199","LGP","summer_2022","Gyrista · Mediophyceae",1.29
"1200","LGP","summer_2022","Chlorophyta · Chlorophyceae",7.21
"1201","LGP","summer_2022","Chlorophyta · Chlorodendrophyceae",0.15
"1202","LGP","summer_2022","Chlorophyta · Trebouxiophyceae",0.41
"1203","LGP","summer_2022","Cryptophyta · Cryptophyceae",17.85
"1204","LGP","summer_2022","Dinoflagellata · Dinophyceae",16.39
"1205","LGP","summer_2022","Ciliophora · CONThreeP",1.05
"1206","LGP","summer_2022","Ciliophora · Oligohymenophorea",0.4
"1207","LGP","summer_2022","Ciliophora · Litostomatea",1.16
"1208","LGP","summer_2022","Ciliophora · Nassophorea",0
"1209","LGP","summer_2022","Ciliophora · Spirotrichea",12.42
"1210","LGP","summer_2022","Kathablepharida · Kathablepharidea",3.16
"1211","LGP","summer_2022","Fungi · Fungi",0.75
"1212","LGP","summer_2022","Fungi · NA",0.6
"1213","LGP","summer_2022","Cercozoa · Filosa-Imbricatea",0.32
"1214","LGP","summer_2022","Bigyra · Bicoecea",0.71
"1215","LGP","summer_2022","Bigyra · Opalozoa",0.45
"1216","LGP","summer_2022","Choanoflagellata · Choanoflagellatea",0.17
"1217","LGP","summer_2022","Chrompodellids · Colpodellidea",0.92
"1218","LGP","summer_2022","Telonemia · Telonemia",0
"1219","LGP","summer_2022","Fungi · Chytridiomycota",2.74
"1220","LGP","summer_2022","Perkinsea · Perkinsida",3.12
"1221","LGP","summer_2022","Perkinsea · Perkinsea",0
"1222","LGP","summer_2022","Others",8.31
"1223","LGP","fall_2022","Gyrista · Chrysophyceae",6.46
"1224","LGP","fall_2022","Gyrista · Bacillariophyceae",0.63
"1225","LGP","fall_2022","Gyrista · Mediophyceae",1.26
"1226","LGP","fall_2022","Chlorophyta · Chlorophyceae",4.39
"1227","LGP","fall_2022","Chlorophyta · Chlorodendrophyceae",0.01
"1228","LGP","fall_2022","Chlorophyta · Trebouxiophyceae",0.64
"1229","LGP","fall_2022","Cryptophyta · Cryptophyceae",46.12
"1230","LGP","fall_2022","Dinoflagellata · Dinophyceae",0.11
"1231","LGP","fall_2022","Ciliophora · CONThreeP",2.66
"1232","LGP","fall_2022","Ciliophora · Oligohymenophorea",2.18
"1233","LGP","fall_2022","Ciliophora · Litostomatea",0.94
"1234","LGP","fall_2022","Ciliophora · Nassophorea",0
"1235","LGP","fall_2022","Ciliophora · Spirotrichea",14.15
"1236","LGP","fall_2022","Kathablepharida · Kathablepharidea",4.4
"1237","LGP","fall_2022","Fungi · Fungi",1.16
"1238","LGP","fall_2022","Fungi · NA",0.75
"1239","LGP","fall_2022","Cercozoa · Filosa-Imbricatea",0.35
"1240","LGP","fall_2022","Bigyra · Bicoecea",0.7
"1241","LGP","fall_2022","Bigyra · Opalozoa",0.51
"1242","LGP","fall_2022","Choanoflagellata · Choanoflagellatea",1.53
"1243","LGP","fall_2022","Chrompodellids · Colpodellidea",2.86
"1244","LGP","fall_2022","Telonemia · Telonemia",0
"1245","LGP","fall_2022","Fungi · Chytridiomycota",2.42
"1246","LGP","fall_2022","Perkinsea · Perkinsida",0.52
"1247","LGP","fall_2022","Perkinsea · Perkinsea",0.39
"1248","LGP","fall_2022","Others",4.84
"1249","LGP","winter_2022","Gyrista · Chrysophyceae",4.53
"1250","LGP","winter_2022","Gyrista · Bacillariophyceae",0
"1251","LGP","winter_2022","Gyrista · Mediophyceae",0.87
"1252","LGP","winter_2022","Chlorophyta · Chlorophyceae",0.12
"1253","LGP","winter_2022","Chlorophyta · Chlorodendrophyceae",0
"1254","LGP","winter_2022","Chlorophyta · Trebouxiophyceae",0.14
"1255","LGP","winter_2022","Cryptophyta · Cryptophyceae",62.25
"1256","LGP","winter_2022","Dinoflagellata · Dinophyceae",0.05
"1257","LGP","winter_2022","Ciliophora · CONThreeP",1.51
"1258","LGP","winter_2022","Ciliophora · Oligohymenophorea",0.03
"1259","LGP","winter_2022","Ciliophora · Litostomatea",0.39
"1260","LGP","winter_2022","Ciliophora · Nassophorea",0
"1261","LGP","winter_2022","Ciliophora · Spirotrichea",7.65
"1262","LGP","winter_2022","Kathablepharida · Kathablepharidea",17.04
"1263","LGP","winter_2022","Fungi · Fungi",0
"1264","LGP","winter_2022","Fungi · NA",0.75
"1265","LGP","winter_2022","Cercozoa · Filosa-Imbricatea",0.17
"1266","LGP","winter_2022","Bigyra · Bicoecea",0.27
"1267","LGP","winter_2022","Bigyra · Opalozoa",0.03
"1268","LGP","winter_2022","Choanoflagellata · Choanoflagellatea",0.07
"1269","LGP","winter_2022","Chrompodellids · Colpodellidea",2.53
"1270","LGP","winter_2022","Telonemia · Telonemia",0
"1271","LGP","winter_2022","Fungi · Chytridiomycota",0.07
"1272","LGP","winter_2022","Perkinsea · Perkinsida",0.04
"1273","LGP","winter_2022","Perkinsea · Perkinsea",0
"1274","LGP","winter_2022","Others",1.5
"1275","CSM","summer_2021","Gyrista · Chrysophyceae",2.72
"1276","CSM","summer_2021","Gyrista · Bacillariophyceae",1.25
"1277","CSM","summer_2021","Gyrista · Mediophyceae",0.24
"1278","CSM","summer_2021","Chlorophyta · Chlorophyceae",4.98
"1279","CSM","summer_2021","Chlorophyta · Chlorodendrophyceae",4.59
"1280","CSM","summer_2021","Chlorophyta · Trebouxiophyceae",2.17
"1281","CSM","summer_2021","Cryptophyta · Cryptophyceae",17.12
"1282","CSM","summer_2021","Dinoflagellata · Dinophyceae",1.07
"1283","CSM","summer_2021","Ciliophora · CONThreeP",1.08
"1284","CSM","summer_2021","Ciliophora · Oligohymenophorea",3.99
"1285","CSM","summer_2021","Ciliophora · Litostomatea",0.05
"1286","CSM","summer_2021","Ciliophora · Nassophorea",30.88
"1287","CSM","summer_2021","Ciliophora · Spirotrichea",12.43
"1288","CSM","summer_2021","Kathablepharida · Kathablepharidea",6.34
"1289","CSM","summer_2021","Fungi · Fungi",0.07
"1290","CSM","summer_2021","Fungi · NA",1.73
"1291","CSM","summer_2021","Cercozoa · Filosa-Imbricatea",0.06
"1292","CSM","summer_2021","Bigyra · Bicoecea",0.52
"1293","CSM","summer_2021","Bigyra · Opalozoa",0.32
"1294","CSM","summer_2021","Choanoflagellata · Choanoflagellatea",0.17
"1295","CSM","summer_2021","Chrompodellids · Colpodellidea",1.17
"1296","CSM","summer_2021","Telonemia · Telonemia",0
"1297","CSM","summer_2021","Fungi · Chytridiomycota",0.83
"1298","CSM","summer_2021","Perkinsea · Perkinsida",0.03
"1299","CSM","summer_2021","Perkinsea · Perkinsea",0
"1300","CSM","summer_2021","Others",6.19
"1301","CSM","fall_2021","Gyrista · Chrysophyceae",0.16
"1302","CSM","fall_2021","Gyrista · Bacillariophyceae",0.02
"1303","CSM","fall_2021","Gyrista · Mediophyceae",0.01
"1304","CSM","fall_2021","Chlorophyta · Chlorophyceae",2.54
"1305","CSM","fall_2021","Chlorophyta · Chlorodendrophyceae",0
"1306","CSM","fall_2021","Chlorophyta · Trebouxiophyceae",0.39
"1307","CSM","fall_2021","Cryptophyta · Cryptophyceae",84.26
"1308","CSM","fall_2021","Dinoflagellata · Dinophyceae",0.06
"1309","CSM","fall_2021","Ciliophora · CONThreeP",0
"1310","CSM","fall_2021","Ciliophora · Oligohymenophorea",0.09
"1311","CSM","fall_2021","Ciliophora · Litostomatea",0.01
"1312","CSM","fall_2021","Ciliophora · Nassophorea",0
"1313","CSM","fall_2021","Ciliophora · Spirotrichea",1.74
"1314","CSM","fall_2021","Kathablepharida · Kathablepharidea",0.16
"1315","CSM","fall_2021","Fungi · Fungi",0.01
"1316","CSM","fall_2021","Fungi · NA",0.72
"1317","CSM","fall_2021","Cercozoa · Filosa-Imbricatea",0
"1318","CSM","fall_2021","Bigyra · Bicoecea",0.01
"1319","CSM","fall_2021","Bigyra · Opalozoa",0.07
"1320","CSM","fall_2021","Choanoflagellata · Choanoflagellatea",0.14
"1321","CSM","fall_2021","Chrompodellids · Colpodellidea",0.88
"1322","CSM","fall_2021","Telonemia · Telonemia",0
"1323","CSM","fall_2021","Fungi · Chytridiomycota",7.86
"1324","CSM","fall_2021","Perkinsea · Perkinsida",0
"1325","CSM","fall_2021","Perkinsea · Perkinsea",0
"1326","CSM","fall_2021","Others",0.89
"1327","CSM","winter_2021","Gyrista · Chrysophyceae",5.24
"1328","CSM","winter_2021","Gyrista · Bacillariophyceae",0.06
"1329","CSM","winter_2021","Gyrista · Mediophyceae",0
"1330","CSM","winter_2021","Chlorophyta · Chlorophyceae",12.78
"1331","CSM","winter_2021","Chlorophyta · Chlorodendrophyceae",0
"1332","CSM","winter_2021","Chlorophyta · Trebouxiophyceae",0.02
"1333","CSM","winter_2021","Cryptophyta · Cryptophyceae",65.01
"1334","CSM","winter_2021","Dinoflagellata · Dinophyceae",0.09
"1335","CSM","winter_2021","Ciliophora · CONThreeP",0
"1336","CSM","winter_2021","Ciliophora · Oligohymenophorea",0.06
"1337","CSM","winter_2021","Ciliophora · Litostomatea",0
"1338","CSM","winter_2021","Ciliophora · Nassophorea",0
"1339","CSM","winter_2021","Ciliophora · Spirotrichea",2.67
"1340","CSM","winter_2021","Kathablepharida · Kathablepharidea",0
"1341","CSM","winter_2021","Fungi · Fungi",6.43
"1342","CSM","winter_2021","Fungi · NA",0.33
"1343","CSM","winter_2021","Cercozoa · Filosa-Imbricatea",0
"1344","CSM","winter_2021","Bigyra · Bicoecea",0.11
"1345","CSM","winter_2021","Bigyra · Opalozoa",0.27
"1346","CSM","winter_2021","Choanoflagellata · Choanoflagellatea",0.04
"1347","CSM","winter_2021","Chrompodellids · Colpodellidea",1.65
"1348","CSM","winter_2021","Telonemia · Telonemia",0
"1349","CSM","winter_2021","Fungi · Chytridiomycota",3.19
"1350","CSM","winter_2021","Perkinsea · Perkinsida",0
"1351","CSM","winter_2021","Perkinsea · Perkinsea",0
"1352","CSM","winter_2021","Others",2.01
"1353","CSM","spring_2022","Gyrista · Chrysophyceae",3.65
"1354","CSM","spring_2022","Gyrista · Bacillariophyceae",2.25
"1355","CSM","spring_2022","Gyrista · Mediophyceae",0
"1356","CSM","spring_2022","Chlorophyta · Chlorophyceae",19.95
"1357","CSM","spring_2022","Chlorophyta · Chlorodendrophyceae",0
"1358","CSM","spring_2022","Chlorophyta · Trebouxiophyceae",0.12
"1359","CSM","spring_2022","Cryptophyta · Cryptophyceae",36.82
"1360","CSM","spring_2022","Dinoflagellata · Dinophyceae",0.2
"1361","CSM","spring_2022","Ciliophora · CONThreeP",0
"1362","CSM","spring_2022","Ciliophora · Oligohymenophorea",2.02
"1363","CSM","spring_2022","Ciliophora · Litostomatea",0.02
"1364","CSM","spring_2022","Ciliophora · Nassophorea",0
"1365","CSM","spring_2022","Ciliophora · Spirotrichea",16.37
"1366","CSM","spring_2022","Kathablepharida · Kathablepharidea",0.01
"1367","CSM","spring_2022","Fungi · Fungi",0.43
"1368","CSM","spring_2022","Fungi · NA",1.23
"1369","CSM","spring_2022","Cercozoa · Filosa-Imbricatea",0
"1370","CSM","spring_2022","Bigyra · Bicoecea",2.85
"1371","CSM","spring_2022","Bigyra · Opalozoa",0.14
"1372","CSM","spring_2022","Choanoflagellata · Choanoflagellatea",0
"1373","CSM","spring_2022","Chrompodellids · Colpodellidea",5.45
"1374","CSM","spring_2022","Telonemia · Telonemia",0
"1375","CSM","spring_2022","Fungi · Chytridiomycota",1.81
"1376","CSM","spring_2022","Perkinsea · Perkinsida",0.5
"1377","CSM","spring_2022","Perkinsea · Perkinsea",0
"1378","CSM","spring_2022","Others",6.15
"1379","CSM","summer_2022","Gyrista · Chrysophyceae",1.16
"1380","CSM","summer_2022","Gyrista · Bacillariophyceae",0.4
"1381","CSM","summer_2022","Gyrista · Mediophyceae",0.06
"1382","CSM","summer_2022","Chlorophyta · Chlorophyceae",15.41
"1383","CSM","summer_2022","Chlorophyta · Chlorodendrophyceae",0
"1384","CSM","summer_2022","Chlorophyta · Trebouxiophyceae",1.07
"1385","CSM","summer_2022","Cryptophyta · Cryptophyceae",45.34
"1386","CSM","summer_2022","Dinoflagellata · Dinophyceae",0.23
"1387","CSM","summer_2022","Ciliophora · CONThreeP",0.85
"1388","CSM","summer_2022","Ciliophora · Oligohymenophorea",0.22
"1389","CSM","summer_2022","Ciliophora · Litostomatea",0.06
"1390","CSM","summer_2022","Ciliophora · Nassophorea",0
"1391","CSM","summer_2022","Ciliophora · Spirotrichea",13.47
"1392","CSM","summer_2022","Kathablepharida · Kathablepharidea",0.85
"1393","CSM","summer_2022","Fungi · Fungi",2.12
"1394","CSM","summer_2022","Fungi · NA",0.83
"1395","CSM","summer_2022","Cercozoa · Filosa-Imbricatea",0
"1396","CSM","summer_2022","Bigyra · Bicoecea",1.65
"1397","CSM","summer_2022","Bigyra · Opalozoa",0.52
"1398","CSM","summer_2022","Choanoflagellata · Choanoflagellatea",0.13
"1399","CSM","summer_2022","Chrompodellids · Colpodellidea",4.28
"1400","CSM","summer_2022","Telonemia · Telonemia",0
"1401","CSM","summer_2022","Fungi · Chytridiomycota",3.9
"1402","CSM","summer_2022","Perkinsea · Perkinsida",0.01
"1403","CSM","summer_2022","Perkinsea · Perkinsea",0
"1404","CSM","summer_2022","Others",7.45
"1405","CSM","fall_2022","Gyrista · Chrysophyceae",3.08
"1406","CSM","fall_2022","Gyrista · Bacillariophyceae",0.26
"1407","CSM","fall_2022","Gyrista · Mediophyceae",5.05
"1408","CSM","fall_2022","Chlorophyta · Chlorophyceae",9.29
"1409","CSM","fall_2022","Chlorophyta · Chlorodendrophyceae",0
"1410","CSM","fall_2022","Chlorophyta · Trebouxiophyceae",0.27
"1411","CSM","fall_2022","Cryptophyta · Cryptophyceae",33.87
"1412","CSM","fall_2022","Dinoflagellata · Dinophyceae",0.09
"1413","CSM","fall_2022","Ciliophora · CONThreeP",0.03
"1414","CSM","fall_2022","Ciliophora · Oligohymenophorea",1.37
"1415","CSM","fall_2022","Ciliophora · Litostomatea",0.54
"1416","CSM","fall_2022","Ciliophora · Nassophorea",0
"1417","CSM","fall_2022","Ciliophora · Spirotrichea",25.33
"1418","CSM","fall_2022","Kathablepharida · Kathablepharidea",0.75
"1419","CSM","fall_2022","Fungi · Fungi",0.23
"1420","CSM","fall_2022","Fungi · NA",1.01
"1421","CSM","fall_2022","Cercozoa · Filosa-Imbricatea",0
"1422","CSM","fall_2022","Bigyra · Bicoecea",3.65
"1423","CSM","fall_2022","Bigyra · Opalozoa",0.23
"1424","CSM","fall_2022","Choanoflagellata · Choanoflagellatea",0.01
"1425","CSM","fall_2022","Chrompodellids · Colpodellidea",0.49
"1426","CSM","fall_2022","Telonemia · Telonemia",0
"1427","CSM","fall_2022","Fungi · Chytridiomycota",1.61
"1428","CSM","fall_2022","Perkinsea · Perkinsida",0.1
"1429","CSM","fall_2022","Perkinsea · Perkinsea",3.2
"1430","CSM","fall_2022","Others",9.51
"1431","CSM","winter_2022","Gyrista · Chrysophyceae",0.46
"1432","CSM","winter_2022","Gyrista · Bacillariophyceae",0.43
"1433","CSM","winter_2022","Gyrista · Mediophyceae",0.02
"1434","CSM","winter_2022","Chlorophyta · Chlorophyceae",0.92
"1435","CSM","winter_2022","Chlorophyta · Chlorodendrophyceae",0
"1436","CSM","winter_2022","Chlorophyta · Trebouxiophyceae",0.18
"1437","CSM","winter_2022","Cryptophyta · Cryptophyceae",43.72
"1438","CSM","winter_2022","Dinoflagellata · Dinophyceae",0
"1439","CSM","winter_2022","Ciliophora · CONThreeP",0.02
"1440","CSM","winter_2022","Ciliophora · Oligohymenophorea",0.41
"1441","CSM","winter_2022","Ciliophora · Litostomatea",0.02
"1442","CSM","winter_2022","Ciliophora · Nassophorea",0
"1443","CSM","winter_2022","Ciliophora · Spirotrichea",45.65
"1444","CSM","winter_2022","Kathablepharida · Kathablepharidea",0.04
"1445","CSM","winter_2022","Fungi · Fungi",0
"1446","CSM","winter_2022","Fungi · NA",0.02
"1447","CSM","winter_2022","Cercozoa · Filosa-Imbricatea",0
"1448","CSM","winter_2022","Bigyra · Bicoecea",0.68
"1449","CSM","winter_2022","Bigyra · Opalozoa",0.03
"1450","CSM","winter_2022","Choanoflagellata · Choanoflagellatea",0
"1451","CSM","winter_2022","Chrompodellids · Colpodellidea",4.5
"1452","CSM","winter_2022","Telonemia · Telonemia",0
"1453","CSM","winter_2022","Fungi · Chytridiomycota",0.1
"1454","CSM","winter_2022","Perkinsea · Perkinsida",0.05
"1455","CSM","winter_2022","Perkinsea · Perkinsea",0
"1456","CSM","winter_2022","Others",2.78
"1457","VSS","summer_2021","Gyrista · Chrysophyceae",2.88
"1458","VSS","summer_2021","Gyrista · Bacillariophyceae",0.1
"1459","VSS","summer_2021","Gyrista · Mediophyceae",0.22
"1460","VSS","summer_2021","Chlorophyta · Chlorophyceae",12.98
"1461","VSS","summer_2021","Chlorophyta · Chlorodendrophyceae",0
"1462","VSS","summer_2021","Chlorophyta · Trebouxiophyceae",1.72
"1463","VSS","summer_2021","Cryptophyta · Cryptophyceae",18.71
"1464","VSS","summer_2021","Dinoflagellata · Dinophyceae",22.19
"1465","VSS","summer_2021","Ciliophora · CONThreeP",0.96
"1466","VSS","summer_2021","Ciliophora · Oligohymenophorea",1.15
"1467","VSS","summer_2021","Ciliophora · Litostomatea",0.01
"1468","VSS","summer_2021","Ciliophora · Nassophorea",0.04
"1469","VSS","summer_2021","Ciliophora · Spirotrichea",12.63
"1470","VSS","summer_2021","Kathablepharida · Kathablepharidea",0.55
"1471","VSS","summer_2021","Fungi · Fungi",10.27
"1472","VSS","summer_2021","Fungi · NA",2.38
"1473","VSS","summer_2021","Cercozoa · Filosa-Imbricatea",0.27
"1474","VSS","summer_2021","Bigyra · Bicoecea",0.68
"1475","VSS","summer_2021","Bigyra · Opalozoa",0.43
"1476","VSS","summer_2021","Choanoflagellata · Choanoflagellatea",0.96
"1477","VSS","summer_2021","Chrompodellids · Colpodellidea",2.72
"1478","VSS","summer_2021","Telonemia · Telonemia",0
"1479","VSS","summer_2021","Fungi · Chytridiomycota",4.16
"1480","VSS","summer_2021","Perkinsea · Perkinsida",0.06
"1481","VSS","summer_2021","Perkinsea · Perkinsea",0
"1482","VSS","summer_2021","Others",3.89
"1483","VSS","fall_2021","Gyrista · Chrysophyceae",0.97
"1484","VSS","fall_2021","Gyrista · Bacillariophyceae",0.14
"1485","VSS","fall_2021","Gyrista · Mediophyceae",1.53
"1486","VSS","fall_2021","Chlorophyta · Chlorophyceae",7.61
"1487","VSS","fall_2021","Chlorophyta · Chlorodendrophyceae",0
"1488","VSS","fall_2021","Chlorophyta · Trebouxiophyceae",14.55
"1489","VSS","fall_2021","Cryptophyta · Cryptophyceae",50.68
"1490","VSS","fall_2021","Dinoflagellata · Dinophyceae",0
"1491","VSS","fall_2021","Ciliophora · CONThreeP",1.98
"1492","VSS","fall_2021","Ciliophora · Oligohymenophorea",0.29
"1493","VSS","fall_2021","Ciliophora · Litostomatea",0
"1494","VSS","fall_2021","Ciliophora · Nassophorea",0
"1495","VSS","fall_2021","Ciliophora · Spirotrichea",7.02
"1496","VSS","fall_2021","Kathablepharida · Kathablepharidea",0.07
"1497","VSS","fall_2021","Fungi · Fungi",0.58
"1498","VSS","fall_2021","Fungi · NA",0.21
"1499","VSS","fall_2021","Cercozoa · Filosa-Imbricatea",0
"1500","VSS","fall_2021","Bigyra · Bicoecea",0.87
"1501","VSS","fall_2021","Bigyra · Opalozoa",0.06
"1502","VSS","fall_2021","Choanoflagellata · Choanoflagellatea",0.24
"1503","VSS","fall_2021","Chrompodellids · Colpodellidea",1.33
"1504","VSS","fall_2021","Telonemia · Telonemia",0
"1505","VSS","fall_2021","Fungi · Chytridiomycota",1.47
"1506","VSS","fall_2021","Perkinsea · Perkinsida",0
"1507","VSS","fall_2021","Perkinsea · Perkinsea",5.28
"1508","VSS","fall_2021","Others",5.13
"1509","VSS","winter_2021","Gyrista · Chrysophyceae",6.3
"1510","VSS","winter_2021","Gyrista · Bacillariophyceae",0.9
"1511","VSS","winter_2021","Gyrista · Mediophyceae",0.44
"1512","VSS","winter_2021","Chlorophyta · Chlorophyceae",43.76
"1513","VSS","winter_2021","Chlorophyta · Chlorodendrophyceae",0
"1514","VSS","winter_2021","Chlorophyta · Trebouxiophyceae",0.59
"1515","VSS","winter_2021","Cryptophyta · Cryptophyceae",20.61
"1516","VSS","winter_2021","Dinoflagellata · Dinophyceae",0.02
"1517","VSS","winter_2021","Ciliophora · CONThreeP",1.43
"1518","VSS","winter_2021","Ciliophora · Oligohymenophorea",0.32
"1519","VSS","winter_2021","Ciliophora · Litostomatea",0.02
"1520","VSS","winter_2021","Ciliophora · Nassophorea",0
"1521","VSS","winter_2021","Ciliophora · Spirotrichea",18.71
"1522","VSS","winter_2021","Kathablepharida · Kathablepharidea",0.9
"1523","VSS","winter_2021","Fungi · Fungi",0.05
"1524","VSS","winter_2021","Fungi · NA",0.1
"1525","VSS","winter_2021","Cercozoa · Filosa-Imbricatea",0
"1526","VSS","winter_2021","Bigyra · Bicoecea",0.3
"1527","VSS","winter_2021","Bigyra · Opalozoa",0.14
"1528","VSS","winter_2021","Choanoflagellata · Choanoflagellatea",0.08
"1529","VSS","winter_2021","Chrompodellids · Colpodellidea",1.58
"1530","VSS","winter_2021","Telonemia · Telonemia",0
"1531","VSS","winter_2021","Fungi · Chytridiomycota",0.5
"1532","VSS","winter_2021","Perkinsea · Perkinsida",0
"1533","VSS","winter_2021","Perkinsea · Perkinsea",0
"1534","VSS","winter_2021","Others",3.22
"1535","VSS","spring_2022","Gyrista · Chrysophyceae",8.61
"1536","VSS","spring_2022","Gyrista · Bacillariophyceae",0.05
"1537","VSS","spring_2022","Gyrista · Mediophyceae",3.36
"1538","VSS","spring_2022","Chlorophyta · Chlorophyceae",40.95
"1539","VSS","spring_2022","Chlorophyta · Chlorodendrophyceae",0
"1540","VSS","spring_2022","Chlorophyta · Trebouxiophyceae",0.04
"1541","VSS","spring_2022","Cryptophyta · Cryptophyceae",24.98
"1542","VSS","spring_2022","Dinoflagellata · Dinophyceae",0.01
"1543","VSS","spring_2022","Ciliophora · CONThreeP",0.01
"1544","VSS","spring_2022","Ciliophora · Oligohymenophorea",0.85
"1545","VSS","spring_2022","Ciliophora · Litostomatea",0.25
"1546","VSS","spring_2022","Ciliophora · Nassophorea",0
"1547","VSS","spring_2022","Ciliophora · Spirotrichea",8.43
"1548","VSS","spring_2022","Kathablepharida · Kathablepharidea",0.1
"1549","VSS","spring_2022","Fungi · Fungi",0.24
"1550","VSS","spring_2022","Fungi · NA",0.94
"1551","VSS","spring_2022","Cercozoa · Filosa-Imbricatea",0
"1552","VSS","spring_2022","Bigyra · Bicoecea",0.7
"1553","VSS","spring_2022","Bigyra · Opalozoa",0.06
"1554","VSS","spring_2022","Choanoflagellata · Choanoflagellatea",0.3
"1555","VSS","spring_2022","Chrompodellids · Colpodellidea",2.83
"1556","VSS","spring_2022","Telonemia · Telonemia",0
"1557","VSS","spring_2022","Fungi · Chytridiomycota",1.06
"1558","VSS","spring_2022","Perkinsea · Perkinsida",0
"1559","VSS","spring_2022","Perkinsea · Perkinsea",3.09
"1560","VSS","spring_2022","Others",3.14
"1561","VSS","summer_2022","Gyrista · Chrysophyceae",11.71
"1562","VSS","summer_2022","Gyrista · Bacillariophyceae",0.72
"1563","VSS","summer_2022","Gyrista · Mediophyceae",2.24
"1564","VSS","summer_2022","Chlorophyta · Chlorophyceae",6.26
"1565","VSS","summer_2022","Chlorophyta · Chlorodendrophyceae",0.01
"1566","VSS","summer_2022","Chlorophyta · Trebouxiophyceae",0.29
"1567","VSS","summer_2022","Cryptophyta · Cryptophyceae",12.55
"1568","VSS","summer_2022","Dinoflagellata · Dinophyceae",7.8
"1569","VSS","summer_2022","Ciliophora · CONThreeP",0.57
"1570","VSS","summer_2022","Ciliophora · Oligohymenophorea",5.06
"1571","VSS","summer_2022","Ciliophora · Litostomatea",2.8
"1572","VSS","summer_2022","Ciliophora · Nassophorea",4.68
"1573","VSS","summer_2022","Ciliophora · Spirotrichea",14.55
"1574","VSS","summer_2022","Kathablepharida · Kathablepharidea",2.77
"1575","VSS","summer_2022","Fungi · Fungi",0.66
"1576","VSS","summer_2022","Fungi · NA",0.95
"1577","VSS","summer_2022","Cercozoa · Filosa-Imbricatea",0.07
"1578","VSS","summer_2022","Bigyra · Bicoecea",0.57
"1579","VSS","summer_2022","Bigyra · Opalozoa",0.62
"1580","VSS","summer_2022","Choanoflagellata · Choanoflagellatea",0.42
"1581","VSS","summer_2022","Chrompodellids · Colpodellidea",5.72
"1582","VSS","summer_2022","Telonemia · Telonemia",0
"1583","VSS","summer_2022","Fungi · Chytridiomycota",1.92
"1584","VSS","summer_2022","Perkinsea · Perkinsida",0.61
"1585","VSS","summer_2022","Perkinsea · Perkinsea",0
"1586","VSS","summer_2022","Others",16.45
"1587","VSS","fall_2022","Gyrista · Chrysophyceae",4.45
"1588","VSS","fall_2022","Gyrista · Bacillariophyceae",0.2
"1589","VSS","fall_2022","Gyrista · Mediophyceae",9.68
"1590","VSS","fall_2022","Chlorophyta · Chlorophyceae",0.95
"1591","VSS","fall_2022","Chlorophyta · Chlorodendrophyceae",0
"1592","VSS","fall_2022","Chlorophyta · Trebouxiophyceae",1.52
"1593","VSS","fall_2022","Cryptophyta · Cryptophyceae",39.63
"1594","VSS","fall_2022","Dinoflagellata · Dinophyceae",1.28
"1595","VSS","fall_2022","Ciliophora · CONThreeP",0.04
"1596","VSS","fall_2022","Ciliophora · Oligohymenophorea",10.48
"1597","VSS","fall_2022","Ciliophora · Litostomatea",0.13
"1598","VSS","fall_2022","Ciliophora · Nassophorea",0
"1599","VSS","fall_2022","Ciliophora · Spirotrichea",12.88
"1600","VSS","fall_2022","Kathablepharida · Kathablepharidea",1.78
"1601","VSS","fall_2022","Fungi · Fungi",0.17
"1602","VSS","fall_2022","Fungi · NA",0.19
"1603","VSS","fall_2022","Cercozoa · Filosa-Imbricatea",0.09
"1604","VSS","fall_2022","Bigyra · Bicoecea",1.75
"1605","VSS","fall_2022","Bigyra · Opalozoa",1.24
"1606","VSS","fall_2022","Choanoflagellata · Choanoflagellatea",0.03
"1607","VSS","fall_2022","Chrompodellids · Colpodellidea",0.7
"1608","VSS","fall_2022","Telonemia · Telonemia",0
"1609","VSS","fall_2022","Fungi · Chytridiomycota",0.32
"1610","VSS","fall_2022","Perkinsea · Perkinsida",0.1
"1611","VSS","fall_2022","Perkinsea · Perkinsea",0
"1612","VSS","fall_2022","Others",12.39
"1613","VSS","winter_2022","Gyrista · Chrysophyceae",2.75
"1614","VSS","winter_2022","Gyrista · Bacillariophyceae",0.78
"1615","VSS","winter_2022","Gyrista · Mediophyceae",52.6
"1616","VSS","winter_2022","Chlorophyta · Chlorophyceae",2.6
"1617","VSS","winter_2022","Chlorophyta · Chlorodendrophyceae",0
"1618","VSS","winter_2022","Chlorophyta · Trebouxiophyceae",4.7
"1619","VSS","winter_2022","Cryptophyta · Cryptophyceae",4.76
"1620","VSS","winter_2022","Dinoflagellata · Dinophyceae",0.06
"1621","VSS","winter_2022","Ciliophora · CONThreeP",0.01
"1622","VSS","winter_2022","Ciliophora · Oligohymenophorea",0.74
"1623","VSS","winter_2022","Ciliophora · Litostomatea",0.01
"1624","VSS","winter_2022","Ciliophora · Nassophorea",0
"1625","VSS","winter_2022","Ciliophora · Spirotrichea",9.28
"1626","VSS","winter_2022","Kathablepharida · Kathablepharidea",0
"1627","VSS","winter_2022","Fungi · Fungi",0
"1628","VSS","winter_2022","Fungi · NA",0
"1629","VSS","winter_2022","Cercozoa · Filosa-Imbricatea",0.02
"1630","VSS","winter_2022","Bigyra · Bicoecea",0.34
"1631","VSS","winter_2022","Bigyra · Opalozoa",0.08
"1632","VSS","winter_2022","Choanoflagellata · Choanoflagellatea",0
"1633","VSS","winter_2022","Chrompodellids · Colpodellidea",0.02
"1634","VSS","winter_2022","Telonemia · Telonemia",0
"1635","VSS","winter_2022","Fungi · Chytridiomycota",5.24
"1636","VSS","winter_2022","Perkinsea · Perkinsida",0.01
"1637","VSS","winter_2022","Perkinsea · Perkinsea",0
"1638","VSS","winter_2022","Others",16.01
