"lakeID","month_code","Class_legend","rel_biovolume"
"VSM","A","Gyrista · Chrysophyceae",1.940659049444
"VSM","A","Gyrista · Bacillariophyceae",1.61694407354935
"VSM","A","Gyrista · Mediophyceae",46.1049219761291
"VSM","A","Chlorophyta · Chlorophyceae",17.0329524721999
"VSM","A","Chlorophyta · Trebouxiophyceae",6.31427668661006
"VSM","A","Cryptophyta · Cryptophyceae",8.6958648877292
"VSM","A","Dinoflagellata · Dinophyceae",13.232766968026
"VSM","A","Euglenozoa · Euglenophyceae",3.97508943951239
"VSM","A","Streptophyta · Klebsormidiophyceae",0.328199692185382
"VSM","A","Streptophyta · Zygnematophyceae",0.758324754614671
"VSM","B","Gyrista · Chrysophyceae",13.0839997594853
"VSM","B","Gyrista · Bacillariophyceae",18.9856292465877
"VSM","B","Gyrista · Mediophyceae",25.2558475136793
"VSM","B","Chlorophyta · Chlorophyceae",0.542661295171667
"VSM","B","Chlorophyta · Trebouxiophyceae",9.93325717034454
"VSM","B","Cryptophyta · Cryptophyceae",4.89447417473393
"VSM","B","Dinoflagellata · Dinophyceae",22.7686248571944
"VSM","B","Streptophyta · Klebsormidiophyceae",0.484035836690518
"VSM","B","Streptophyta · Zygnematophyceae",0.47802296915399
"VSM","B","Cyanobacteria · Cyanophyceae",3.57344717695869
"VSM","C","Gyrista · Chrysophyceae",0.269150085098924
"VSM","C","Gyrista · Bacillariophyceae",6.37945073026751
"VSM","C","Gyrista · Mediophyceae",51.1543485267425
"VSM","C","Chlorophyta · Chlorophyceae",0.642906820919068
"VSM","C","Chlorophyta · Trebouxiophyceae",16.6388186799206
"VSM","C","Cryptophyta · Cryptophyceae",19.3499686180048
"VSM","C","Dinoflagellata · Dinophyceae",4.58813251683602
"VSM","C","Streptophyta · Klebsormidiophyceae",0.211333706524628
"VSM","C","Cyanobacteria · Cyanophyceae",0.765890315685909
"VSM","D","Gyrista · Bacillariophyceae",14.5348858464182
"VSM","D","Gyrista · Mediophyceae",31.8924452081087
"VSM","D","Chlorophyta · Chlorophyceae",4.74674173323341
"VSM","D","Chlorophyta · Trebouxiophyceae",22.6479243972435
"VSM","D","Cryptophyta · Cryptophyceae",12.6272689052589
"VSM","D","Streptophyta · Klebsormidiophyceae",0.420421518270057
"VSM","D","Cyanobacteria · Cyanophyceae",13.1303123914673
"VSM","E","Gyrista · Chrysophyceae",2.35281263088886
"VSM","E","Gyrista · Bacillariophyceae",2.49166863948428
"VSM","E","Gyrista · Mediophyceae",19.1225210787974
"VSM","E","Chlorophyta · Chlorophyceae",1.54016353140422
"VSM","E","Chlorophyta · Trebouxiophyceae",0.0418844353796005
"VSM","E","Cryptophyta · Cryptophyceae",66.8657694899204
"VSM","E","Streptophyta · Klebsormidiophyceae",0.0523555442245006
"VSM","E","Cyanobacteria · Cyanophyceae",7.53282464990075
"VSM","F","Gyrista · Chrysophyceae",2.17085507347586
"VSM","F","Gyrista · Bacillariophyceae",6.19631473408023
"VSM","F","Chlorophyta · Chlorophyceae",1.65707273761186
"VSM","F","Cryptophyta · Cryptophyceae",89.975757454832
"VSM","G","Gyrista · Bacillariophyceae",78.1596019706356
"VSM","G","Gyrista · Mediophyceae",4.92506463099361
"VSM","G","Chlorophyta · Chlorophyceae",1.33834934881225
"VSM","G","Cryptophyta · Cryptophyceae",15.5769840495586
"VSM","H","Gyrista · Bacillariophyceae",32.6881423107056
"VSM","H","Chlorophyta · Chlorophyceae",14.184985483202
"VSM","H","Cryptophyta · Cryptophyceae",53.1268722060924
"VSM","I","Gyrista · Bacillariophyceae",27.5368629992708
"VSM","I","Gyrista · Mediophyceae",35.4477234059791
"VSM","I","Chlorophyta · Chlorophyceae",6.24443004131897
"VSM","I","Cryptophyta · Cryptophyceae",27.4598962974966
"VSM","I","Cyanobacteria · Cyanophyceae",3.31108725593454
"VSM","J","Gyrista · Bacillariophyceae",46.6259707832742
"VSM","J","Chlorophyta · Chlorophyceae",26.323697110214
"VSM","J","Cryptophyta · Cryptophyceae",19.9007193389216
"VSM","J","Streptophyta · Klebsormidiophyceae",0.217531116407521
"VSM","J","Cyanobacteria · Cyanophyceae",6.93208165118278
"VSM","K","Gyrista · Bacillariophyceae",30.1653762977803
"VSM","K","Gyrista · Mediophyceae",26.4669949539867
"VSM","K","Chlorophyta · Trebouxiophyceae",2.41651609762491
"VSM","K","Cryptophyta · Cryptophyceae",3.23099319396725
"VSM","K","Dinoflagellata · Dinophyceae",31.6516799760338
"VSM","K","Streptophyta · Zygnematophyceae",0.217661982643212
"VSM","K","Cyanobacteria · Cyanophyceae",5.85077749796381
"VSM","L","Gyrista · Bacillariophyceae",67.0792250811653
"VSM","L","Chlorophyta · Chlorophyceae",1.11957195671382
"VSM","L","Chlorophyta · Trebouxiophyceae",0.253833562869349
"VSM","L","Cryptophyta · Cryptophyceae",0.950284023162405
"VSM","L","Dinoflagellata · Dinophyceae",29.8735675305448
"VSM","L","Cyanobacteria · Cyanophyceae",0.723517845544305
"VSM","M","Gyrista · Bacillariophyceae",2.65581236020715
"VSM","M","Gyrista · Mediophyceae",32.5528442178653
"VSM","M","Chlorophyta · Trebouxiophyceae",27.7402757907322
"VSM","M","Streptophyta · Klebsormidiophyceae",0.772428986909008
"VSM","M","Streptophyta · Zygnematophyceae",0.499727970661132
"VSM","M","Cyanobacteria · Cyanophyceae",35.7789106736252
"VSM","N","Gyrista · Bacillariophyceae",2.1332455607843
"VSM","N","Chlorophyta · Chlorophyceae",0.548060904626535
"VSM","N","Chlorophyta · Trebouxiophyceae",4.80911799456286
"VSM","N","Cryptophyta · Cryptophyceae",86.2116881362669
"VSM","N","Dinoflagellata · Dinophyceae",4.91546975650881
"VSM","N","Cyanobacteria · Cyanophyceae",1.38241764725061
"VSM","O","Gyrista · Bacillariophyceae",1.34788298129251
"VSM","O","Gyrista · Mediophyceae",63.5105612247763
"VSM","O","Chlorophyta · Chlorophyceae",4.29750023868761
"VSM","O","Chlorophyta · Trebouxiophyceae",23.1948196364086
"VSM","O","Cryptophyta · Cryptophyceae",3.7066781985544
"VSM","O","Cyanobacteria · Cyanophyceae",3.94255772028058
"VSM","P","Gyrista · Bacillariophyceae",4.6208917291399
"VSM","P","Gyrista · Mediophyceae",57.2789468757712
"VSM","P","Chlorophyta · Chlorophyceae",1.43241687018332
"VSM","P","Cryptophyta · Cryptophyceae",36.3415505841708
"VSM","P","Streptophyta · Klebsormidiophyceae",0.326193940734816
"VSM","Q","Gyrista · Bacillariophyceae",28.5299551332805
"VSM","Q","Gyrista · Mediophyceae",64.3571012414288
"VSM","Q","Chlorophyta · Chlorophyceae",0.671257911431801
"VSM","Q","Cryptophyta · Cryptophyceae",6.44168571385889
"VSM","R","Gyrista · Chrysophyceae",0.106469605328187
"VSM","R","Gyrista · Bacillariophyceae",5.27208114659575
"VSM","R","Gyrista · Mediophyceae",18.249511661293
"VSM","R","Chlorophyta · Chlorophyceae",0.965851592101857
"VSM","R","Cryptophyta · Cryptophyceae",75.4060859946812
"JAB","A","Gyrista · Chrysophyceae",0.191408064475634
"JAB","A","Gyrista · Bacillariophyceae",11.2836461420625
"JAB","A","Gyrista · Mediophyceae",10.6862700173075
"JAB","A","Chlorophyta · Chlorophyceae",0.74212847351472
"JAB","A","Cryptophyta · Cryptophyceae",2.12716285770936
"JAB","A","Dinoflagellata · Dinophyceae",35.9101232727633
"JAB","A","Cyanobacteria · Cyanophyceae",39.059261172167
"JAB","B","Gyrista · Chrysophyceae",1.50485607801914
"JAB","B","Gyrista · Bacillariophyceae",8.26061371169332
"JAB","B","Gyrista · Mediophyceae",65.0025399475916
"JAB","B","Cryptophyta · Cryptophyceae",23.5687018101527
"JAB","B","Cyanobacteria · Cyanophyceae",1.66328845254322
"JAB","C","Gyrista · Bacillariophyceae",0.298056979265499
"JAB","C","Gyrista · Mediophyceae",72.2646915486956
"JAB","C","Cryptophyta · Cryptophyceae",12.7260442000137
"JAB","C","Dinoflagellata · Dinophyceae",14.4169172056099
"JAB","C","Cyanobacteria · Cyanophyceae",0.294290066415382
"JAB","D","Gyrista · Bacillariophyceae",11.0319230009314
"JAB","D","Gyrista · Mediophyceae",68.3973580964746
"JAB","D","Cryptophyta · Cryptophyceae",13.8008411188574
"JAB","D","Cyanobacteria · Cyanophyceae",6.76987778373649
"JAB","E","Gyrista · Bacillariophyceae",5.62644714344948
"JAB","E","Gyrista · Mediophyceae",67.7367957623447
"JAB","E","Chlorophyta · Chlorophyceae",2.45659152003056
"JAB","E","Cryptophyta · Cryptophyceae",23.5018425601103
"JAB","E","Cyanobacteria · Cyanophyceae",0.678323014064953
"JAB","F","Gyrista · Bacillariophyceae",1.50757525686963
"JAB","F","Gyrista · Mediophyceae",96.2712595306949
"JAB","F","Chlorophyta · Chlorophyceae",0.0555833050721662
"JAB","F","Cryptophyta · Cryptophyceae",2.16558190736333
"JAB","G","Gyrista · Bacillariophyceae",0.228872640707363
"JAB","G","Gyrista · Mediophyceae",71.4215269511988
"JAB","G","Chlorophyta · Chlorophyceae",0.640707362693419
"JAB","G","Cryptophyta · Cryptophyceae",20.3502805645298
"JAB","G","Dinoflagellata · Dinophyceae",7.3586124808706
"JAB","H","Gyrista · Mediophyceae",90.05263302013
"JAB","H","Cryptophyta · Cryptophyceae",9.94736697986997
"JAB","I","Gyrista · Mediophyceae",3.08214032753107
"JAB","I","Chlorophyta · Chlorophyceae",2.71511665343092
"JAB","I","Cryptophyta · Cryptophyceae",94.202743019038
"JAB","J","Gyrista · Bacillariophyceae",4.64607800149319
"JAB","J","Gyrista · Mediophyceae",11.965532156951
"JAB","J","Chlorophyta · Chlorophyceae",65.7737636727777
"JAB","J","Cryptophyta · Cryptophyceae",17.6146261687781
"JAB","K","Gyrista · Bacillariophyceae",30.2220477714281
"JAB","K","Gyrista · Mediophyceae",0.716504893123017
"JAB","K","Chlorophyta · Chlorophyceae",1.59533772860631
"JAB","K","Chlorophyta · Trebouxiophyceae",6.86900001995835
"JAB","K","Cryptophyta · Cryptophyceae",4.01517721909172
"JAB","K","Dinoflagellata · Dinophyceae",56.5819323677925
"JAB","L","Gyrista · Bacillariophyceae",4.1905999195447
"JAB","L","Chlorophyta · Chlorophyceae",0.828293886056833
"JAB","L","Cryptophyta · Cryptophyceae",14.2145386680032
"JAB","L","Dinoflagellata · Dinophyceae",80.7665675263953
"JAB","M","Gyrista · Bacillariophyceae",1.57631079642741
"JAB","M","Gyrista · Mediophyceae",23.362661391087
"JAB","M","Chlorophyta · Chlorophyceae",21.604713313897
"JAB","M","Chlorophyta · Trebouxiophyceae",2.98631357304827
"JAB","M","Cryptophyta · Cryptophyceae",49.2662200934796
"JAB","M","Cyanobacteria · Cyanophyceae",1.20378083206072
"JAB","N","Cryptophyta · Cryptophyceae",100
"JAB","O","Gyrista · Bacillariophyceae",0.267692619216361
"JAB","O","Gyrista · Mediophyceae",37.0740103270224
"JAB","O","Chlorophyta · Chlorophyceae",1.22952313455503
"JAB","O","Cryptophyta · Cryptophyceae",9.07441530829199
"JAB","O","Dinoflagellata · Dinophyceae",52.3543586109142
"JAB","P","Gyrista · Bacillariophyceae",2.16460287415272
"JAB","P","Gyrista · Mediophyceae",54.666003997166
"JAB","P","Chlorophyta · Chlorophyceae",9.90779024395402
"JAB","P","Cryptophyta · Cryptophyceae",33.2616028847272
"JAB","Q","Gyrista · Bacillariophyceae",0.255683971854088
"JAB","Q","Gyrista · Mediophyceae",52.884714784874
"JAB","Q","Chlorophyta · Chlorophyceae",5.8846941096202
"JAB","Q","Cryptophyta · Cryptophyceae",40.9749071336517
"JAB","R","Gyrista · Mediophyceae",74.0749231968453
"JAB","R","Chlorophyta · Chlorophyceae",12.0468966587541
"JAB","R","Cryptophyta · Cryptophyceae",13.8781801444005
"CER-L","B","Gyrista · Bacillariophyceae",3.93196518406133
"CER-L","B","Gyrista · Mediophyceae",22.8874870238761
"CER-L","B","Chlorophyta · Chlorophyceae",8.9633474407091
"CER-L","B","Chlorophyta · Trebouxiophyceae",26.5862812425138
"CER-L","B","Cryptophyta · Cryptophyceae",2.57366445739839
"CER-L","B","Streptophyta · Klebsormidiophyceae",0.238760680348159
"CER-L","B","Streptophyta · Zygnematophyceae",24.4727301764753
"CER-L","B","Cyanobacteria · Cyanophyceae",10.3457637946179
"CER-L","C","Gyrista · Bacillariophyceae",3.14301466321043
"CER-L","C","Gyrista · Mediophyceae",8.9343057221341
"CER-L","C","Chlorophyta · Chlorophyceae",3.21870042945023
"CER-L","C","Chlorophyta · Trebouxiophyceae",11.3538321662088
"CER-L","C","Cryptophyta · Cryptophyceae",2.56146748171935
"CER-L","C","Dinoflagellata · Dinophyceae",19.7431036483925
"CER-L","C","Streptophyta · Klebsormidiophyceae",0.305886563237513
"CER-L","C","Streptophyta · Zygnematophyceae",16.3681955352652
"CER-L","C","Cyanobacteria · Cyanophyceae",34.3714937903819
"CER-L","D","Gyrista · Bacillariophyceae",4.03873188158125
"CER-L","D","Gyrista · Mediophyceae",22.4268650417426
"CER-L","D","Chlorophyta · Chlorophyceae",1.32940228908036
"CER-L","D","Chlorophyta · Trebouxiophyceae",6.78521221992053
"CER-L","D","Cryptophyta · Cryptophyceae",24.2154505493852
"CER-L","D","Streptophyta · Klebsormidiophyceae",0.512680292569554
"CER-L","D","Cyanobacteria · Cyanophyceae",40.6916577257205
"CER-L","E","Gyrista · Bacillariophyceae",71.5677099118843
"CER-L","E","Gyrista · Mediophyceae",1.79351138554999
"CER-L","E","Chlorophyta · Chlorophyceae",0.968196396990498
"CER-L","E","Cryptophyta · Cryptophyceae",22.0672397465659
"CER-L","E","Dinoflagellata · Dinophyceae",3.60334255900936
"CER-L","F","Gyrista · Chrysophyceae",0.360693929195877
"CER-L","F","Gyrista · Bacillariophyceae",19.1624629559202
"CER-L","F","Gyrista · Mediophyceae",3.86406526933647
"CER-L","F","Chlorophyta · Chlorophyceae",2.96292841373603
"CER-L","F","Cryptophyta · Cryptophyceae",73.6498494318114
"CER-L","G","Gyrista · Chrysophyceae",0.133599576234362
"CER-L","G","Gyrista · Bacillariophyceae",34.6157396399578
"CER-L","G","Gyrista · Mediophyceae",21.8092828502323
"CER-L","G","Chlorophyta · Chlorophyceae",16.8308128514119
"CER-L","G","Cryptophyta · Cryptophyceae",23.9864986296636
"CER-L","G","Streptophyta · Klebsormidiophyceae",0.0776251169228324
"CER-L","G","Cyanobacteria · Cyanophyceae",2.54644133557726
"CER-L","H","Gyrista · Bacillariophyceae",22.8856935710758
"CER-L","H","Chlorophyta · Chlorophyceae",1.61336911216317
"CER-L","H","Cryptophyta · Cryptophyceae",75.3348488305926
"CER-L","H","Streptophyta · Klebsormidiophyceae",0.16608848616844
"CER-L","I","Gyrista · Bacillariophyceae",2.15536457753365
"CER-L","I","Gyrista · Mediophyceae",3.84963126037105
"CER-L","I","Chlorophyta · Chlorophyceae",3.83761446030994
"CER-L","I","Cryptophyta · Cryptophyceae",4.63489340034195
"CER-L","I","Dinoflagellata · Dinophyceae",85.4441998704503
"CER-L","I","Streptophyta · Klebsormidiophyceae",0.0782964309930886
"CER-L","J","Gyrista · Bacillariophyceae",2.18120968912874
"CER-L","J","Gyrista · Mediophyceae",0
"CER-L","J","Chlorophyta · Chlorophyceae",1.69752585232019
"CER-L","J","Cryptophyta · Cryptophyceae",3.72266698814607
"CER-L","J","Dinoflagellata · Dinophyceae",92.2796986008216
"CER-L","J","Streptophyta · Klebsormidiophyceae",0.0634200834976246
"CER-L","J","Cyanobacteria · Cyanophyceae",0.0554787860857481
"CER-L","K","Gyrista · Bacillariophyceae",32.5822072740818
"CER-L","K","Chlorophyta · Chlorophyceae",6.25374528296794
"CER-L","K","Chlorophyta · Trebouxiophyceae",8.36109116626087
"CER-L","K","Cryptophyta · Cryptophyceae",48.6657345073502
"CER-L","K","Cyanobacteria · Cyanophyceae",4.13722176933916
"CER-L","L","Gyrista · Bacillariophyceae",7.86922428248796
"CER-L","L","Chlorophyta · Chlorophyceae",5.89130455853987
"CER-L","L","Chlorophyta · Trebouxiophyceae",18.3669513128944
"CER-L","L","Cryptophyta · Cryptophyceae",17.7289689732381
"CER-L","L","Streptophyta · Zygnematophyceae",0.721146856129264
"CER-L","L","Cyanobacteria · Cyanophyceae",49.4224040167104
"CER-L","M","Gyrista · Bacillariophyceae",20.5114368008985
"CER-L","M","Chlorophyta · Chlorophyceae",25.5856602896109
"CER-L","M","Chlorophyta · Trebouxiophyceae",18.319502120201
"CER-L","M","Cryptophyta · Cryptophyceae",13.9716092687774
"CER-L","M","Dinoflagellata · Dinophyceae",16.6134696930809
"CER-L","M","Streptophyta · Klebsormidiophyceae",0.327956600044313
"CER-L","M","Cyanobacteria · Cyanophyceae",4.6703652273869
"CER-L","N","Gyrista · Bacillariophyceae",10.7197337401193
"CER-L","N","Gyrista · Mediophyceae",1.49355151851338
"CER-L","N","Chlorophyta · Chlorophyceae",13.2841029908011
"CER-L","N","Chlorophyta · Trebouxiophyceae",44.4228724633662
"CER-L","N","Cryptophyta · Cryptophyceae",1.9576572828549
"CER-L","N","Dinoflagellata · Dinophyceae",12.5028891046087
"CER-L","N","Streptophyta · Zygnematophyceae",8.16807654971571
"CER-L","N","Cyanobacteria · Cyanophyceae",7.4511163500208
"CER-L","O","Gyrista · Bacillariophyceae",36.9424954383853
"CER-L","O","Gyrista · Mediophyceae",6.07776377419537
"CER-L","O","Chlorophyta · Chlorophyceae",41.6809315099415
"CER-L","O","Chlorophyta · Trebouxiophyceae",4.92842497319464
"CER-L","O","Cryptophyta · Cryptophyceae",3.11412501645943
"CER-L","O","Cyanobacteria · Cyanophyceae",7.25625928782378
"CER-L","P","Gyrista · Bacillariophyceae",33.7522002738119
"CER-L","P","Gyrista · Mediophyceae",18.5858423165863
"CER-L","P","Chlorophyta · Chlorophyceae",0.691144832664143
"CER-L","P","Cryptophyta · Cryptophyceae",41.9202494218888
"CER-L","P","Streptophyta · Klebsormidiophyceae",0.661520231014369
"CER-L","P","Cyanobacteria · Cyanophyceae",4.38904292403447
"CER-L","Q","Gyrista · Chrysophyceae",0.275926341572902
"CER-L","Q","Gyrista · Bacillariophyceae",23.0841294780088
"CER-L","Q","Chlorophyta · Chlorophyceae",7.99137333736692
"CER-L","Q","Cryptophyta · Cryptophyceae",67.3860431528305
"CER-L","Q","Streptophyta · Klebsormidiophyceae",0.420842563406946
"CER-L","Q","Streptophyta · Zygnematophyceae",0.841685126813892
"CER-L","R","Gyrista · Chrysophyceae",0.336979797812121
"CER-L","R","Gyrista · Mediophyceae",8.25147197219374
"CER-L","R","Chlorophyta · Chlorophyceae",0.0778922609569511
"CER-L","R","Cryptophyta · Cryptophyceae",91.3336559690372
"CER-S","A","Gyrista · Bacillariophyceae",2.10239426239822
"CER-S","A","Gyrista · Mediophyceae",14.519260151349
"CER-S","A","Chlorophyta · Chlorophyceae",15.5588859130372
"CER-S","A","Chlorophyta · Trebouxiophyceae",4.63978214369169
"CER-S","A","Cryptophyta · Cryptophyceae",2.0686912444053
"CER-S","A","Streptophyta · Zygnematophyceae",0.670690058059066
"CER-S","A","Cyanobacteria · Cyanophyceae",60.4402962270595
"CER-S","B","Gyrista · Mediophyceae",6.1195499829539
"CER-S","B","Chlorophyta · Chlorophyceae",4.65074434637676
"CER-S","B","Chlorophyta · Trebouxiophyceae",36.1779802265237
"CER-S","B","Cryptophyta · Cryptophyceae",5.95855903632713
"CER-S","B","Streptophyta · Zygnematophyceae",1.58528732148945
"CER-S","B","Cyanobacteria · Cyanophyceae",45.507879086329
"CER-S","C","Gyrista · Bacillariophyceae",25.9083973414022
"CER-S","C","Chlorophyta · Chlorophyceae",0.902578426048051
"CER-S","C","Cryptophyta · Cryptophyceae",11.1089559572762
"CER-S","C","Cyanobacteria · Cyanophyceae",62.0800682752735
"CER-S","D","Gyrista · Bacillariophyceae",3.4942510194926
"CER-S","D","Gyrista · Mediophyceae",8.1433388949658
"CER-S","D","Chlorophyta · Chlorophyceae",2.2416235262094
"CER-S","D","Chlorophyta · Trebouxiophyceae",2.60228951069396
"CER-S","D","Cryptophyta · Cryptophyceae",58.7890595464329
"CER-S","D","Dinoflagellata · Dinophyceae",15.433782128509
"CER-S","D","Cyanobacteria · Cyanophyceae",9.29565537369633
"CER-S","E","Gyrista · Chrysophyceae",0.134954126080496
"CER-S","E","Gyrista · Bacillariophyceae",0.0948616536109587
"CER-S","E","Chlorophyta · Chlorophyceae",17.1124286511241
"CER-S","E","Chlorophyta · Trebouxiophyceae",0.051409391037788
"CER-S","E","Cryptophyta · Cryptophyceae",82.6063461781467
"CER-S","F","Gyrista · Chrysophyceae",0.404452389799646
"CER-S","F","Gyrista · Bacillariophyceae",3.83581203058116
"CER-S","F","Cryptophyta · Cryptophyceae",95.7597355796192
"CER-S","G","Gyrista · Chrysophyceae",0.128148039878854
"CER-S","G","Gyrista · Bacillariophyceae",11.2090444643106
"CER-S","G","Gyrista · Mediophyceae",41.7341115125888
"CER-S","G","Chlorophyta · Chlorophyceae",0.199870152383995
"CER-S","G","Cryptophyta · Cryptophyceae",46.2597428201407
"CER-S","G","Streptophyta · Klebsormidiophyceae",0.469083010697132
"CER-S","H","Gyrista · Chrysophyceae",0.36881477085222
"CER-S","H","Gyrista · Bacillariophyceae",3.98685180233354
"CER-S","H","Gyrista · Mediophyceae",4.21446693058717
"CER-S","H","Chlorophyta · Chlorophyceae",15.7895766619491
"CER-S","H","Chlorophyta · Trebouxiophyceae",9.05732118516393
"CER-S","H","Cryptophyta · Cryptophyceae",66.582968649114
"CER-S","I","Chlorophyta · Chlorophyceae",98.2716873675899
"CER-S","I","Cryptophyta · Cryptophyceae",1.72831263241008
"CER-S","J","Chlorophyta · Chlorophyceae",40.8153221999056
"CER-S","J","Chlorophyta · Trebouxiophyceae",21.0932311213181
"CER-S","J","Cryptophyta · Cryptophyceae",38.0914466787763
"CER-S","K","Gyrista · Mediophyceae",1.32000571961624
"CER-S","K","Chlorophyta · Chlorophyceae",3.85257008232162
"CER-S","K","Chlorophyta · Trebouxiophyceae",28.1214465181836
"CER-S","K","Cryptophyta · Cryptophyceae",43.037388586642
"CER-S","K","Streptophyta · Zygnematophyceae",0.254931466741112
"CER-S","K","Cyanobacteria · Cyanophyceae",23.4136576264954
"CER-S","L","Chlorophyta · Chlorophyceae",68.6170134641491
"CER-S","L","Chlorophyta · Trebouxiophyceae",8.66556581109067
"CER-S","L","Cryptophyta · Cryptophyceae",11.274677454212
"CER-S","L","Streptophyta · Klebsormidiophyceae",0.0241292994739813
"CER-S","L","Streptophyta · Zygnematophyceae",0.780530382984438
"CER-S","L","Cyanobacteria · Cyanophyceae",10.6380835880898
"CER-S","M","Chlorophyta · Chlorophyceae",9.28774816103773
"CER-S","M","Chlorophyta · Trebouxiophyceae",24.8892667879459
"CER-S","M","Cryptophyta · Cryptophyceae",45.9415712816804
"CER-S","M","Streptophyta · Klebsormidiophyceae",0.649710172766409
"CER-S","M","Streptophyta · Zygnematophyceae",2.1330267454605
"CER-S","M","Cyanobacteria · Cyanophyceae",17.098676851109
"CER-S","N","Gyrista · Bacillariophyceae",3.88597589845462
"CER-S","N","Chlorophyta · Chlorophyceae",16.4174267386557
"CER-S","N","Chlorophyta · Trebouxiophyceae",25.6599747848328
"CER-S","N","Cryptophyta · Cryptophyceae",4.31953188135087
"CER-S","N","Streptophyta · Klebsormidiophyceae",0.368642795068906
"CER-S","N","Streptophyta · Zygnematophyceae",2.69269519876418
"CER-S","N","Cyanobacteria · Cyanophyceae",46.6557527028729
"CER-S","O","Gyrista · Bacillariophyceae",5.80610331980731
"CER-S","O","Chlorophyta · Chlorophyceae",2.44120927362901
"CER-S","O","Chlorophyta · Trebouxiophyceae",15.7803564224864
"CER-S","O","Cryptophyta · Cryptophyceae",61.0480292351866
"CER-S","O","Euglenozoa · Euglenophyceae",3.62058327994115
"CER-S","O","Streptophyta · Zygnematophyceae",0.882750765287962
"CER-S","O","Cyanobacteria · Cyanophyceae",10.4209677036615
"CER-S","P","Gyrista · Bacillariophyceae",13.5556234356149
"CER-S","P","Chlorophyta · Chlorophyceae",20.4317757789786
"CER-S","P","Chlorophyta · Trebouxiophyceae",24.039832897851
"CER-S","P","Cryptophyta · Cryptophyceae",27.6882884189538
"CER-S","P","Cyanobacteria · Cyanophyceae",14.2844794686017
"CER-S","Q","Gyrista · Bacillariophyceae",11.2752586734442
"CER-S","Q","Chlorophyta · Chlorophyceae",35.9699933804101
"CER-S","Q","Chlorophyta · Trebouxiophyceae",0.0261830094693264
"CER-S","Q","Cryptophyta · Cryptophyceae",43.4576621283825
"CER-S","Q","Streptophyta · Klebsormidiophyceae",0.314493026302712
"CER-S","Q","Cyanobacteria · Cyanophyceae",8.95640978199109
"CER-S","R","Gyrista · Bacillariophyceae",1.86643736898078
"CER-S","R","Chlorophyta · Chlorophyceae",58.2426344047112
"CER-S","R","Cryptophyta · Cryptophyceae",38.9391874569914
"CER-S","R","Streptophyta · Klebsormidiophyceae",0.0423186706294933
"CER-S","R","Cyanobacteria · Cyanophyceae",0.90942209868714
"CRE","A","Gyrista · Bacillariophyceae",10.6399500758181
"CRE","A","Gyrista · Mediophyceae",8.21122898765167
"CRE","A","Chlorophyta · Chlorophyceae",8.46649742896111
"CRE","A","Chlorophyta · Trebouxiophyceae",27.98916803384
"CRE","A","Cryptophyta · Cryptophyceae",17.3850797855067
"CRE","A","Dinoflagellata · Dinophyceae",23.0554841770275
"CRE","A","Cyanobacteria · Cyanophyceae",4.25259151119482
"CRE","B","Gyrista · Coscinodiscophyceae",3.75278438479254
"CRE","B","Chlorophyta · Chlorophyceae",25.9674557330011
"CRE","B","Chlorophyta · Trebouxiophyceae",5.84720806433345
"CRE","B","Cryptophyta · Cryptophyceae",2.89670404349303
"CRE","B","Cyanobacteria · Cyanophyceae",61.5358477743799
"CRE","C","Gyrista · Bacillariophyceae",2.28615643016881
"CRE","C","Gyrista · Mediophyceae",5.48779452145277
"CRE","C","Chlorophyta · Chlorophyceae",13.1488907970597
"CRE","C","Chlorophyta · Trebouxiophyceae",21.8236032346641
"CRE","C","Cryptophyta · Cryptophyceae",55.6181058154128
"CRE","C","Streptophyta · Zygnematophyceae",0.202874208554686
"CRE","C","Cyanobacteria · Cyanophyceae",1.43257499268709
"CRE","D","Gyrista · Bacillariophyceae",2.33991008710797
"CRE","D","Gyrista · Mediophyceae",63.5783743010347
"CRE","D","Gyrista · Coscinodiscophyceae",0.686299978337362
"CRE","D","Chlorophyta · Chlorophyceae",8.83844246498377
"CRE","D","Chlorophyta · Trebouxiophyceae",5.7030561580147
"CRE","D","Cryptophyta · Cryptophyceae",18.5352777348648
"CRE","D","Euglenozoa · Euglenophyceae",0.192892410913481
"CRE","D","Streptophyta · Zygnematophyceae",0.0920014809994502
"CRE","D","Cyanobacteria · Cyanophyceae",0.0337453837437008
"CRE","E","Gyrista · Bacillariophyceae",23.1908004871948
"CRE","E","Gyrista · Mediophyceae",46.1946499056196
"CRE","E","Gyrista · Coscinodiscophyceae",1.07935738058568
"CRE","E","Chlorophyta · Chlorophyceae",8.61838997667184
"CRE","E","Chlorophyta · Trebouxiophyceae",17.9386156210015
"CRE","E","Cryptophyta · Cryptophyceae",2.75522078504971
"CRE","E","Streptophyta · Zygnematophyceae",0.097547556696124
"CRE","E","Cyanobacteria · Cyanophyceae",0.125418287180731
"CRE","F","Gyrista · Bacillariophyceae",11.3049657099109
"CRE","F","Gyrista · Mediophyceae",61.1875361150632
"CRE","F","Chlorophyta · Chlorophyceae",3.35536251025789
"CRE","F","Chlorophyta · Trebouxiophyceae",5.34786190732855
"CRE","F","Cryptophyta · Cryptophyceae",18.3619097564489
"CRE","F","Streptophyta · Zygnematophyceae",0.2588145033238
"CRE","F","Cyanobacteria · Cyanophyceae",0.183549497666785
"CRE","G","Gyrista · Bacillariophyceae",28.6220807330487
"CRE","G","Gyrista · Mediophyceae",62.586219965133
"CRE","G","Cryptophyta · Cryptophyceae",8.7916993018183
"CRE","H","Gyrista · Chrysophyceae",1.35058948489236
"CRE","H","Gyrista · Bacillariophyceae",34.9047262129471
"CRE","H","Gyrista · Mediophyceae",28.7394977769232
"CRE","H","Cryptophyta · Cryptophyceae",35.0051865252374
"CRE","I","Gyrista · Bacillariophyceae",0.70536940185094
"CRE","I","Gyrista · Mediophyceae",40.636823846307
"CRE","I","Chlorophyta · Chlorophyceae",6.45208623743593
"CRE","I","Cryptophyta · Cryptophyceae",44.5598515894394
"CRE","I","Euglenozoa · Euglenophyceae",7.52533774931612
"CRE","I","Streptophyta · Klebsormidiophyceae",0.120531175650606
"CRE","J","Gyrista · Bacillariophyceae",8.61361358840977
"CRE","J","Gyrista · Mediophyceae",8.13521938151183
"CRE","J","Chlorophyta · Chlorophyceae",31.5407818472059
"CRE","J","Chlorophyta · Trebouxiophyceae",5.34643294172151
"CRE","J","Cryptophyta · Cryptophyceae",17.7811573111224
"CRE","J","Cyanobacteria · Cyanophyceae",28.5827949300286
"CRE","K","Gyrista · Bacillariophyceae",0.385626944608385
"CRE","K","Gyrista · Mediophyceae",50.9122111379146
"CRE","K","Chlorophyta · Chlorophyceae",37.0184676915672
"CRE","K","Chlorophyta · Trebouxiophyceae",2.95809673334441
"CRE","K","Cryptophyta · Cryptophyceae",6.9112026632898
"CRE","K","Euglenozoa · Euglenophyceae",1.74850018049404
"CRE","K","Streptophyta · Klebsormidiophyceae",0.065894648781522
"CRE","L","Gyrista · Bacillariophyceae",3.53522088564375
"CRE","L","Gyrista · Coscinodiscophyceae",5.22141093659715
"CRE","L","Chlorophyta · Chlorophyceae",4.89178967274255
"CRE","L","Cryptophyta · Cryptophyceae",4.0303093974891
"CRE","L","Streptophyta · Klebsormidiophyceae",0.302043389189473
"CRE","L","Cyanobacteria · Cyanophyceae",82.019225718338
"CRE","M","Gyrista · Bacillariophyceae",4.39737893439869
"CRE","M","Chlorophyta · Chlorophyceae",14.470186312213
"CRE","M","Chlorophyta · Trebouxiophyceae",21.7124668633088
"CRE","M","Cryptophyta · Cryptophyceae",10.0541388194004
"CRE","M","Euglenozoa · Euglenophyceae",0.670201247059702
"CRE","M","Streptophyta · Zygnematophyceae",0.198446775939962
"CRE","M","Cyanobacteria · Cyanophyceae",48.4971810476795
"CRE","N","Gyrista · Bacillariophyceae",0.24658269542732
"CRE","N","Gyrista · Mediophyceae",9.17457999877258
"CRE","N","Chlorophyta · Chlorophyceae",22.6375188578055
"CRE","N","Chlorophyta · Trebouxiophyceae",0.267467113910763
"CRE","N","Cryptophyta · Cryptophyceae",11.874349079391
"CRE","N","Dinoflagellata · Dinophyceae",37.394100884565
"CRE","N","Streptophyta · Klebsormidiophyceae",0.0737366529788234
"CRE","N","Streptophyta · Zygnematophyceae",0.243285155666776
"CRE","N","Cyanobacteria · Cyanophyceae",18.0883795614822
"CRE","O","Gyrista · Chrysophyceae",0.421834047590738
"CRE","O","Gyrista · Bacillariophyceae",0.956751671052155
"CRE","O","Gyrista · Mediophyceae",27.1419967845493
"CRE","O","Gyrista · Coscinodiscophyceae",2.05540707502546
"CRE","O","Chlorophyta · Chlorophyceae",1.40443339312762
"CRE","O","Chlorophyta · Trebouxiophyceae",2.76311640241727
"CRE","O","Cryptophyta · Cryptophyceae",23.4169591761829
"CRE","O","Streptophyta · Zygnematophyceae",0.61646703646073
"CRE","O","Cyanobacteria · Cyanophyceae",41.2230344135938
"CRE","P","Gyrista · Bacillariophyceae",0.129910390785126
"CRE","P","Gyrista · Mediophyceae",0.374211416903485
"CRE","P","Chlorophyta · Chlorophyceae",0.0484895841979549
"CRE","P","Chlorophyta · Trebouxiophyceae",0.159444253771938
"CRE","P","Cryptophyta · Cryptophyceae",0.426368605001762
"CRE","P","Streptophyta · Klebsormidiophyceae",0.00887946207446626
"CRE","P","Streptophyta · Zygnematophyceae",0.143229583896825
"CRE","P","Cyanobacteria · Cyanophyceae",98.7094667033684
"CRE","Q","Gyrista · Coscinodiscophyceae",0.668403799277129
"CRE","Q","Chlorophyta · Chlorophyceae",17.9152727578381
"CRE","Q","Chlorophyta · Trebouxiophyceae",3.47146339413297
"CRE","Q","Cryptophyta · Cryptophyceae",70.5287047154745
"CRE","Q","Cyanobacteria · Cyanophyceae",7.4161553332773
"CRE","R","Gyrista · Chrysophyceae",1.28145030022213
"CRE","R","Gyrista · Bacillariophyceae",2.37798543763648
"CRE","R","Gyrista · Mediophyceae",7.61096676473845
"CRE","R","Chlorophyta · Chlorophyceae",0.456281108737183
"CRE","R","Cryptophyta · Cryptophyceae",88.2733163886658
"BLR","A","Gyrista · Chrysophyceae",0.203979092143055
"BLR","A","Gyrista · Mediophyceae",12.1150082116583
"BLR","A","Chlorophyta · Chlorophyceae",5.32745393597156
"BLR","A","Chlorophyta · Trebouxiophyceae",5.85821203326659
"BLR","A","Euglenozoa · Euglenophyceae",1.46235010911382
"BLR","A","Streptophyta · Zygnematophyceae",0.566566926889994
"BLR","A","Cyanobacteria · Cyanophyceae",74.4664296909567
"BLR","B","Gyrista · Chrysophyceae",1.68361978253244
"BLR","B","Gyrista · Mediophyceae",6.66639156539501
"BLR","B","Chlorophyta · Chlorophyceae",26.0610312171168
"BLR","B","Chlorophyta · Trebouxiophyceae",8.31741184723626
"BLR","B","Cryptophyta · Cryptophyceae",1.7407720717189
"BLR","B","Dinoflagellata · Dinophyceae",15.6256834547218
"BLR","B","Euglenozoa · Euglenophyceae",24.1401365877814
"BLR","B","Streptophyta · Klebsormidiophyceae",0.11863742340149
"BLR","B","Streptophyta · Zygnematophyceae",0.416365774650793
"BLR","B","Cyanobacteria · Cyanophyceae",15.2299502754451
"BLR","C","Gyrista · Chrysophyceae",0.203979092143055
"BLR","C","Gyrista · Mediophyceae",12.1150082116583
"BLR","C","Chlorophyta · Chlorophyceae",5.32745393597156
"BLR","C","Chlorophyta · Trebouxiophyceae",5.85821203326659
"BLR","C","Euglenozoa · Euglenophyceae",1.46235010911382
"BLR","C","Streptophyta · Zygnematophyceae",0.566566926889994
"BLR","C","Cyanobacteria · Cyanophyceae",74.4664296909567
"BLR","D","Gyrista · Chrysophyceae",0.683975608222795
"BLR","D","Gyrista · Mediophyceae",11.6067499483606
"BLR","D","Chlorophyta · Chlorophyceae",7.1975500453529
"BLR","D","Chlorophyta · Trebouxiophyceae",5.5713118213904
"BLR","D","Cryptophyta · Cryptophyceae",3.16913488221717
"BLR","D","Euglenozoa · Euglenophyceae",0.70050022900969
"BLR","D","Streptophyta · Zygnematophyceae",0.486039389666724
"BLR","D","Cyanobacteria · Cyanophyceae",70.5847380757798
"BLR","E","Chlorophyta · Chlorophyceae",12.9103261759879
"BLR","E","Cryptophyta · Cryptophyceae",6.57891993483033
"BLR","E","Euglenozoa · Euglenophyceae",5.227274758071
"BLR","E","Streptophyta · Zygnematophyceae",1.57860719189609
"BLR","E","Cyanobacteria · Cyanophyceae",73.7048719392147
"BLR","F","Gyrista · Chrysophyceae",2.76550172166039
"BLR","F","Gyrista · Mediophyceae",8.76013339478893
"BLR","F","Chlorophyta · Chlorophyceae",15.3990320743974
"BLR","F","Chlorophyta · Trebouxiophyceae",0.925223002467261
"BLR","F","Cryptophyta · Cryptophyceae",7.59394572025052
"BLR","F","Euglenozoa · Euglenophyceae",4.62611501233631
"BLR","F","Streptophyta · Zygnematophyceae",1.7962204809804
"BLR","F","Cyanobacteria · Cyanophyceae",58.1338285931188
"BLR","G","Gyrista · Chrysophyceae",0.728929384965831
"BLR","G","Gyrista · Mediophyceae",81.7767653758542
"BLR","G","Chlorophyta · Chlorophyceae",7.49028540801286
"BLR","G","Cryptophyta · Cryptophyceae",6.17416290738011
"BLR","G","Euglenozoa · Euglenophyceae",1.16128455938184
"BLR","G","Streptophyta · Klebsormidiophyceae",0.695877439814194
"BLR","G","Streptophyta · Zygnematophyceae",1.97269492459094
"BLR","H","Gyrista · Eustigmatophyceae",0.110380679820364
"BLR","H","Gyrista · Mediophyceae",84.4862847554489
"BLR","H","Chlorophyta · Chlorophyceae",7.03042590029242
"BLR","H","Chlorophyta · Trebouxiophyceae",2.29774298214771
"BLR","H","Cryptophyta · Cryptophyceae",4.18600924883277
"BLR","H","Streptophyta · Klebsormidiophyceae",0.255922947164151
"BLR","H","Streptophyta · Zygnematophyceae",1.29741807127565
"BLR","H","Cyanobacteria · Cyanophyceae",0.335815415018004
"BLR","I","Gyrista · Chrysophyceae",2.46134880880542
"BLR","I","Gyrista · Xanthophyceae",0.00124101620612038
"BLR","I","Gyrista · Mediophyceae",25.0607710123435
"BLR","I","Chlorophyta · Chlorophyceae",12.6185493658149
"BLR","I","Chlorophyta · Trebouxiophyceae",6.31522121889509
"BLR","I","Cryptophyta · Cryptophyceae",3.2137148837659
"BLR","I","Streptophyta · Klebsormidiophyceae",0.118930719753203
"BLR","I","Streptophyta · Zygnematophyceae",0.411086618277376
"BLR","I","Cyanobacteria · Cyanophyceae",49.7991363561386
"BLR","J","Gyrista · Chrysophyceae",1.08377760246081
"BLR","J","Gyrista · Mediophyceae",10.2990748045614
"BLR","J","Chlorophyta · Chlorophyceae",18.2255266813827
"BLR","J","Chlorophyta · Trebouxiophyceae",4.32315698040434
"BLR","J","Cryptophyta · Cryptophyceae",1.9577061103275
"BLR","J","Streptophyta · Zygnematophyceae",2.67491187666186
"BLR","J","Cyanobacteria · Cyanophyceae",61.4358459442014
"BLR","K","Gyrista · Chrysophyceae",1.15893945677554
"BLR","K","Gyrista · Eustigmatophyceae",0.42267203717696
"BLR","K","Gyrista · Mediophyceae",9.17777790402391
"BLR","K","Chlorophyta · Chlorophyceae",17.0293086698897
"BLR","K","Chlorophyta · Trebouxiophyceae",8.33129761451628
"BLR","K","Cryptophyta · Cryptophyceae",16.5603358651994
"BLR","K","Streptophyta · Klebsormidiophyceae",0.489992785033774
"BLR","K","Streptophyta · Zygnematophyceae",0.602194031461798
"BLR","K","Cyanobacteria · Cyanophyceae",46.2274816359226
"BLR","L","Gyrista · Eustigmatophyceae",0.0865926322938144
"BLR","L","Gyrista · Mediophyceae",11.2814836669885
"BLR","L","Chlorophyta · Chlorophyceae",7.59536100922316
"BLR","L","Chlorophyta · Trebouxiophyceae",3.02340968964572
"BLR","L","Cryptophyta · Cryptophyceae",0.0806568470156094
"BLR","L","Cyanobacteria · Cyanophyceae",77.9324961548332
"BLR","M","Gyrista · Eustigmatophyceae",0.651338424589776
"BLR","M","Gyrista · Mediophyceae",9.42864896886007
"BLR","M","Chlorophyta · Chlorophyceae",9.68136360850825
"BLR","M","Chlorophyta · Trebouxiophyceae",2.68647918314224
"BLR","M","Cryptophyta · Cryptophyceae",1.61142060062041
"BLR","M","Streptophyta · Zygnematophyceae",0.651338424589776
"BLR","M","Cyanobacteria · Cyanophyceae",75.2894107896895
"BLR","N","Gyrista · Eustigmatophyceae",0.413552516166902
"BLR","N","Chlorophyta · Chlorophyceae",4.65680143809552
"BLR","N","Chlorophyta · Trebouxiophyceae",1.47778322510931
"BLR","N","Streptophyta · Zygnematophyceae",0.372197264550212
"BLR","N","Cyanobacteria · Cyanophyceae",93.079665556078
"BLR","O","Gyrista · Eustigmatophyceae",0.235101396957333
"BLR","O","Gyrista · Mediophyceae",7.96368062612811
"BLR","O","Chlorophyta · Chlorophyceae",6.42319768235526
"BLR","O","Chlorophyta · Trebouxiophyceae",2.30266650487646
"BLR","O","Streptophyta · Klebsormidiophyceae",0.152626310121494
"BLR","O","Streptophyta · Zygnematophyceae",0.352652095435999
"BLR","O","Cyanobacteria · Cyanophyceae",82.5700753841253
"BLR","P","Gyrista · Eustigmatophyceae",0.997412625849611
"BLR","P","Gyrista · Mediophyceae",1.85635955882494
"BLR","P","Chlorophyta · Chlorophyceae",11.0977475864261
"BLR","P","Chlorophyta · Trebouxiophyceae",0.313702358130119
"BLR","P","Cryptophyta · Cryptophyceae",4.05744698372693
"BLR","P","Streptophyta · Klebsormidiophyceae",0.0880971213308028
"BLR","P","Streptophyta · Zygnematophyceae",0.203006410023154
"BLR","P","Cyanobacteria · Cyanophyceae",81.3862273556883
"BLR","Q","Gyrista · Eustigmatophyceae",0.918472594888774
"BLR","Q","Gyrista · Mediophyceae",15.5558888722231
"BLR","Q","Chlorophyta · Chlorophyceae",17.6726348867742
"BLR","Q","Chlorophyta · Trebouxiophyceae",0.674040372055471
"BLR","Q","Cryptophyta · Cryptophyceae",4.29182244591474
"BLR","Q","Streptophyta · Klebsormidiophyceae",0.234247546881915
"BLR","Q","Streptophyta · Zygnematophyceae",4.95049321607994
"BLR","Q","Cyanobacteria · Cyanophyceae",55.7024000651819
"BLR","R","Gyrista · Eustigmatophyceae",0.365540339825529
"BLR","R","Gyrista · Mediophyceae",71.4351313292108
"BLR","R","Chlorophyta · Chlorophyceae",5.91644727443417
"BLR","R","Chlorophyta · Trebouxiophyceae",0.412706835286888
"BLR","R","Cryptophyta · Cryptophyceae",9.63829193793071
"BLR","R","Streptophyta · Klebsormidiophyceae",0.0782328891065804
"BLR","R","Streptophyta · Zygnematophyceae",2.76763017839366
"BLR","R","Cyanobacteria · Cyanophyceae",9.38601921581166
"LGP","A","Gyrista · Mediophyceae",31.5563837306432
"LGP","A","Chlorophyta · Chlorophyceae",6.85998843410653
"LGP","A","Chlorophyta · Trebouxiophyceae",2.4738161022939
"LGP","A","Cryptophyta · Cryptophyceae",15.7716378590246
"LGP","A","Dinoflagellata · Dinophyceae",39.6031613442138
"LGP","A","Euglenozoa · Euglenophyceae",0.250594358414188
"LGP","A","Streptophyta · Zygnematophyceae",0.354944419456403
"LGP","A","Cyanobacteria · Cyanophyceae",3.12947375184733
"LGP","B","Gyrista · Bacillariophyceae",0.863825807741998
"LGP","B","Gyrista · Mediophyceae",12.2260001837927
"LGP","B","Gyrista · Coscinodiscophyceae",0.42985874988513
"LGP","B","Chlorophyta · Chlorophyceae",2.91538507278732
"LGP","B","Chlorophyta · Trebouxiophyceae",2.42563151720895
"LGP","B","Cryptophyta · Cryptophyceae",4.04700769226611
"LGP","B","Dinoflagellata · Dinophyceae",4.67871409960485
"LGP","B","Euglenozoa · Euglenophyceae",0.632463200912477
"LGP","B","Streptophyta · Zygnematophyceae",2.88273483574877
"LGP","B","Cyanobacteria · Cyanophyceae",68.8983788400517
"LGP","C","Gyrista · Bacillariophyceae",4.566886142485
"LGP","C","Gyrista · Mediophyceae",5.23248550580462
"LGP","C","Chlorophyta · Chlorophyceae",1.25762882829526
"LGP","C","Chlorophyta · Trebouxiophyceae",0.0842120848968865
"LGP","C","Cryptophyta · Cryptophyceae",1.27752509011156
"LGP","C","Euglenozoa · Euglenophyceae",0.902272338180926
"LGP","C","Streptophyta · Zygnematophyceae",19.1249346430935
"LGP","C","Cyanobacteria · Cyanophyceae",67.5540553671323
"LGP","D","Gyrista · Bacillariophyceae",0.62097359062985
"LGP","D","Gyrista · Coscinodiscophyceae",0.733726893415835
"LGP","D","Chlorophyta · Chlorophyceae",11.2504175193904
"LGP","D","Chlorophyta · Trebouxiophyceae",3.11575575161795
"LGP","D","Cryptophyta · Cryptophyceae",50.7421234159637
"LGP","D","Euglenozoa · Euglenophyceae",2.15910579802949
"LGP","D","Streptophyta · Zygnematophyceae",4.64484555011986
"LGP","D","Cyanobacteria · Cyanophyceae",26.7330514808329
"LGP","E","Chlorophyta · Chlorophyceae",0.598018145364855
"LGP","E","Cryptophyta · Cryptophyceae",65.2742719496892
"LGP","E","Cyanobacteria · Cyanophyceae",34.127709904946
"LGP","F","Cryptophyta · Cryptophyceae",2.44137516358363
"LGP","F","Cyanobacteria · Cyanophyceae",97.5586248364164
"LGP","G","Gyrista · Chrysophyceae",1.54538964519771
"LGP","G","Gyrista · Coscinodiscophyceae",1.05973810388398
"LGP","G","Chlorophyta · Chlorophyceae",10.0241590644662
"LGP","G","Cryptophyta · Cryptophyceae",85.8252000286549
"LGP","G","Cyanobacteria · Cyanophyceae",1.54551315779723
"LGP","H","Gyrista · Chrysophyceae",0.629682380799097
"LGP","H","Gyrista · Bacillariophyceae",1.81761258659235
"LGP","H","Gyrista · Mediophyceae",35.6180632416296
"LGP","H","Gyrista · Coscinodiscophyceae",1.85707797390434
"LGP","H","Chlorophyta · Chlorophyceae",1.83381764786292
"LGP","H","Cryptophyta · Cryptophyceae",57.2479616899123
"LGP","H","Streptophyta · Klebsormidiophyceae",0.0380322866554076
"LGP","H","Streptophyta · Zygnematophyceae",0.876396170755046
"LGP","H","Cyanobacteria · Cyanophyceae",0.081356021888959
"LGP","I","Gyrista · Chrysophyceae",0.636298773019462
"LGP","I","Gyrista · Bacillariophyceae",2.29588895517001
"LGP","I","Gyrista · Mediophyceae",83.6821447011585
"LGP","I","Chlorophyta · Chlorophyceae",10.692927358675
"LGP","I","Cryptophyta · Cryptophyceae",2.69274021197705
"LGP","J","Gyrista · Chrysophyceae",0.293342104837449
"LGP","J","Gyrista · Bacillariophyceae",4.07497479091287
"LGP","J","Gyrista · Mediophyceae",21.7782247410339
"LGP","J","Gyrista · Coscinodiscophyceae",0.80965656325998
"LGP","J","Chlorophyta · Chlorophyceae",13.9120458994117
"LGP","J","Chlorophyta · Trebouxiophyceae",48.7162238674784
"LGP","J","Cryptophyta · Cryptophyceae",10.300136425648
"LGP","J","Streptophyta · Klebsormidiophyceae",0.015502914547935
"LGP","J","Streptophyta · Zygnematophyceae",0.000404423857772218
"LGP","J","Cyanobacteria · Cyanophyceae",0.0994882690119656
"LGP","K","Gyrista · Chrysophyceae",31.3989881608862
"LGP","K","Gyrista · Mediophyceae",26.2660860469717
"LGP","K","Gyrista · Coscinodiscophyceae",2.15483252084513
"LGP","K","Chlorophyta · Chlorophyceae",18.0518709810287
"LGP","K","Chlorophyta · Trebouxiophyceae",9.13337903861735
"LGP","K","Cryptophyta · Cryptophyceae",12.6832163151605
"LGP","K","Streptophyta · Klebsormidiophyceae",0.31162693649043
"LGP","L","Gyrista · Chrysophyceae",1.54232443744319
"LGP","L","Gyrista · Bacillariophyceae",21.4252679664672
"LGP","L","Gyrista · Mediophyceae",22.900966256337
"LGP","L","Chlorophyta · Chlorophyceae",17.0912016273791
"LGP","L","Chlorophyta · Trebouxiophyceae",2.14461772361844
"LGP","L","Cryptophyta · Cryptophyceae",8.97592421630108
"LGP","L","Dinoflagellata · Dinophyceae",7.66838607017364
"LGP","L","Euglenozoa · Euglenophyceae",15.8015603985519
"LGP","L","Streptophyta · Klebsormidiophyceae",0.101888390570983
"LGP","L","Streptophyta · Zygnematophyceae",2.34786291315742
"LGP","M","Gyrista · Chrysophyceae",0.0423134900695528
"LGP","M","Gyrista · Mediophyceae",1.507884776633
"LGP","M","Gyrista · Coscinodiscophyceae",17.2539478330671
"LGP","M","Chlorophyta · Chlorophyceae",31.3852534375822
"LGP","M","Chlorophyta · Trebouxiophyceae",8.03100707662009
"LGP","M","Cryptophyta · Cryptophyceae",4.53469939532156
"LGP","M","Dinoflagellata · Dinophyceae",21.1167650092327
"LGP","M","Euglenozoa · Euglenophyceae",3.03350388366279
"LGP","M","Streptophyta · Zygnematophyceae",1.23673619872406
"LGP","M","Cyanobacteria · Cyanophyceae",11.857888899087
"LGP","N","Gyrista · Chrysophyceae",0.461175624833629
"LGP","N","Gyrista · Bacillariophyceae",9.31846041943245
"LGP","N","Gyrista · Mediophyceae",16.4344681305602
"LGP","N","Gyrista · Coscinodiscophyceae",12.0882269662274
"LGP","N","Chlorophyta · Chlorophyceae",11.5092141872543
"LGP","N","Chlorophyta · Trebouxiophyceae",16.0640016819346
"LGP","N","Cryptophyta · Cryptophyceae",2.39285720341066
"LGP","N","Dinoflagellata · Dinophyceae",1.83435995774817
"LGP","N","Euglenozoa · Euglenophyceae",1.65311115519408
"LGP","N","Streptophyta · Klebsormidiophyceae",0.0974911706909326
"LGP","N","Streptophyta · Zygnematophyceae",0.898614268977292
"LGP","N","Cyanobacteria · Cyanophyceae",27.2480192337364
"LGP","O","Gyrista · Mediophyceae",5.3468590719534
"LGP","O","Gyrista · Coscinodiscophyceae",3.72851437523444
"LGP","O","Chlorophyta · Chlorophyceae",3.03700271397365
"LGP","O","Chlorophyta · Trebouxiophyceae",5.91238057412678
"LGP","O","Cryptophyta · Cryptophyceae",1.69292381015423
"LGP","O","Euglenozoa · Euglenophyceae",2.15132057986364
"LGP","O","Cyanobacteria · Cyanophyceae",78.1309988746938
"LGP","P","Gyrista · Bacillariophyceae",1.1323883763165
"LGP","P","Gyrista · Mediophyceae",21.9152251804649
"LGP","P","Gyrista · Coscinodiscophyceae",0.674210270175861
"LGP","P","Chlorophyta · Chlorophyceae",14.9833736627287
"LGP","P","Chlorophyta · Trebouxiophyceae",3.81023761842344
"LGP","P","Cryptophyta · Cryptophyceae",43.4421350896262
"LGP","P","Euglenozoa · Euglenophyceae",0.608756255012913
"LGP","P","Cyanobacteria · Cyanophyceae",13.4336735472515
"LGP","Q","Gyrista · Chrysophyceae",0.654497504728263
"LGP","Q","Gyrista · Bacillariophyceae",0.0892715346522741
"LGP","Q","Gyrista · Mediophyceae",7.77456410947433
"LGP","Q","Chlorophyta · Chlorophyceae",3.52321781773207
"LGP","Q","Chlorophyta · Trebouxiophyceae",2.48444365305857
"LGP","Q","Cryptophyta · Cryptophyceae",58.8795098968685
"LGP","Q","Cyanobacteria · Cyanophyceae",26.594495483486
"LGP","R","Gyrista · Chrysophyceae",0.62174862992432
"LGP","R","Gyrista · Mediophyceae",15.3865642102135
"LGP","R","Chlorophyta · Chlorophyceae",10.1933249646171
"LGP","R","Cryptophyta · Cryptophyceae",73.7983621952451
"CSM","A","Gyrista · Bacillariophyceae",2.71606451345085
"CSM","A","Gyrista · Mediophyceae",14.0511861532106
"CSM","A","Chlorophyta · Chlorophyceae",1.84095406213739
"CSM","A","Chlorophyta · Trebouxiophyceae",4.27355158051629
"CSM","A","Cryptophyta · Cryptophyceae",4.74896170823458
"CSM","A","Cyanobacteria · Cyanophyceae",72.3692819824503
"CSM","B","Gyrista · Bacillariophyceae",9.39069815124902
"CSM","B","Chlorophyta · Trebouxiophyceae",0.0807333492806616
"CSM","B","Cryptophyta · Cryptophyceae",0.589695178211393
"CSM","B","Cyanobacteria · Cyanophyceae",89.9388733212589
"CSM","C","Cryptophyta · Cryptophyceae",1.14152230537065
"CSM","C","Euglenozoa · Euglenophyceae",1.5686112374416
"CSM","C","Cyanobacteria · Cyanophyceae",97.2898664571877
"CSM","D","Gyrista · Bacillariophyceae",2.88796017669664
"CSM","D","Gyrista · Mediophyceae",2.82963347007122
"CSM","D","Chlorophyta · Chlorophyceae",0.886285692266194
"CSM","D","Cryptophyta · Cryptophyceae",85.1431544063813
"CSM","D","Dinoflagellata · Dinophyceae",3.79000984372646
"CSM","D","Cyanobacteria · Cyanophyceae",4.46295641085823
"CSM","E","Chlorophyta · Chlorophyceae",1.29594474537116
"CSM","E","Cryptophyta · Cryptophyceae",98.7040552546288
"CSM","F","Cryptophyta · Cryptophyceae",100
"CSM","G","Gyrista · Bacillariophyceae",1.09917970958349
"CSM","G","Gyrista · Mediophyceae",10.1760734718174
"CSM","G","Chlorophyta · Chlorophyceae",10.2200091650801
"CSM","G","Cryptophyta · Cryptophyceae",78.504737653519
"CSM","H","Chlorophyta · Chlorophyceae",9.41377412023771
"CSM","H","Cryptophyta · Cryptophyceae",90.5862258797623
"CSM","I","Gyrista · Bacillariophyceae",7.35017829070971
"CSM","I","Gyrista · Mediophyceae",12.3883286683793
"CSM","I","Gyrista · Coscinodiscophyceae",56.8229745791956
"CSM","I","Chlorophyta · Chlorophyceae",9.98658026916146
"CSM","I","Cryptophyta · Cryptophyceae",4.7237452551666
"CSM","I","Euglenozoa · Euglenophyceae",8.72819293738737
"CSM","J","Chlorophyta · Chlorophyceae",40.1540146577602
"CSM","J","Cryptophyta · Cryptophyceae",59.8459853422398
"CSM","K","Chlorophyta · Chlorophyceae",65.4453077771061
"CSM","K","Cryptophyta · Cryptophyceae",34.5546922228939
"CSM","L","Gyrista · Bacillariophyceae",14.9102278521779
"CSM","L","Gyrista · Mediophyceae",2.1678162153458
"CSM","L","Gyrista · Coscinodiscophyceae",5.33533721585572
"CSM","L","Chlorophyta · Chlorophyceae",18.0858001663938
"CSM","L","Chlorophyta · Trebouxiophyceae",0.101446552695848
"CSM","L","Cryptophyta · Cryptophyceae",19.3587128633155
"CSM","L","Euglenozoa · Euglenophyceae",1.78900190547758
"CSM","L","Streptophyta · Klebsormidiophyceae",0.0308633692064088
"CSM","L","Streptophyta · Zygnematophyceae",0.0499181449773221
"CSM","L","Cyanobacteria · Cyanophyceae",38.1708757145541
"CSM","M","Gyrista · Bacillariophyceae",15.9046993715411
"CSM","M","Chlorophyta · Chlorophyceae",17.6268642716443
"CSM","M","Cryptophyta · Cryptophyceae",66.4684363568145
"CSM","N","Gyrista · Coscinodiscophyceae",32.1533686350997
"CSM","N","Chlorophyta · Chlorophyceae",42.5597781891403
"CSM","N","Chlorophyta · Trebouxiophyceae",20.19082629419
"CSM","N","Streptophyta · Klebsormidiophyceae",0.12974166291356
"CSM","N","Cyanobacteria · Cyanophyceae",4.96628521865645
"CSM","O","Gyrista · Bacillariophyceae",1.89956783812433
"CSM","O","Gyrista · Mediophyceae",12.1594921941153
"CSM","O","Chlorophyta · Chlorophyceae",11.0913185014207
"CSM","O","Chlorophyta · Trebouxiophyceae",50.2383476237369
"CSM","O","Cryptophyta · Cryptophyceae",5.80768482917375
"CSM","O","Dinoflagellata · Dinophyceae",9.60227308365374
"CSM","O","Cyanobacteria · Cyanophyceae",9.20131592977526
"CSM","P","Gyrista · Bacillariophyceae",1.26033502813749
"CSM","P","Chlorophyta · Chlorophyceae",53.1896963397848
"CSM","P","Cryptophyta · Cryptophyceae",30.9512439488001
"CSM","P","Cyanobacteria · Cyanophyceae",14.5987246832776
"CSM","Q","Gyrista · Bacillariophyceae",1.04144845129433
"CSM","Q","Chlorophyta · Chlorophyceae",13.5907027781934
"CSM","Q","Cryptophyta · Cryptophyceae",79.7196867674198
"CSM","Q","Cyanobacteria · Cyanophyceae",5.64816200309242
"CSM","R","Chlorophyta · Chlorophyceae",4.60931413204655
"CSM","R","Cryptophyta · Cryptophyceae",93.5120259368167
"CSM","R","Streptophyta · Klebsormidiophyceae",1.87865993113675
"VSS","A","Chlorophyta · Chlorophyceae",5.14760051880674
"VSS","A","Chlorophyta · Trebouxiophyceae",88.3852140077821
"VSS","A","Cryptophyta · Cryptophyceae",3.6609597924773
"VSS","A","Cyanobacteria · Cyanophyceae",2.80622568093385
"VSS","B","Gyrista · Bacillariophyceae",1.03190624976786
"VSS","B","Gyrista · Mediophyceae",1.14290727169888
"VSS","B","Gyrista · Coscinodiscophyceae",7.52444021066848
"VSS","B","Chlorophyta · Chlorophyceae",0.434453330578942
"VSS","B","Chlorophyta · Trebouxiophyceae",2.19136816718494
"VSS","B","Cryptophyta · Cryptophyceae",13.1256762908821
"VSS","B","Dinoflagellata · Dinophyceae",69.7850124566634
"VSS","B","Streptophyta · Zygnematophyceae",0.0187477825441165
"VSS","B","Cyanobacteria · Cyanophyceae",4.74548824001123
"VSS","C","Gyrista · Bacillariophyceae",0.282141223120329
"VSS","C","Chlorophyta · Chlorophyceae",0.0144085319789609
"VSS","C","Cryptophyta · Cryptophyceae",0.367218062713025
"VSS","C","Dinoflagellata · Dinophyceae",94.7175218389011
"VSS","C","Cyanobacteria · Cyanophyceae",4.6187103432866
"VSS","D","Gyrista · Bacillariophyceae",2.48341801098912
"VSS","D","Gyrista · Mediophyceae",73.1347202533086
"VSS","D","Chlorophyta · Chlorophyceae",5.40208089734171
"VSS","D","Chlorophyta · Trebouxiophyceae",0.141632433439224
"VSS","D","Cryptophyta · Cryptophyceae",13.2134652994071
"VSS","D","Cyanobacteria · Cyanophyceae",5.62468310551422
"VSS","E","Gyrista · Bacillariophyceae",1.31691187041741
"VSS","E","Chlorophyta · Chlorophyceae",64.5591124742416
"VSS","E","Chlorophyta · Trebouxiophyceae",2.4740020127474
"VSS","E","Cryptophyta · Cryptophyceae",31.6499736425936
"VSS","F","Gyrista · Mediophyceae",2.75779069469695
"VSS","F","Chlorophyta · Chlorophyceae",19.6083954284349
"VSS","F","Chlorophyta · Trebouxiophyceae",8.81280994204457
"VSS","F","Cryptophyta · Cryptophyceae",68.8210039348236
"VSS","G","Gyrista · Bacillariophyceae",0.216775579495627
"VSS","G","Gyrista · Mediophyceae",8.16319227681083
"VSS","G","Chlorophyta · Chlorophyceae",31.3538841956035
"VSS","G","Cryptophyta · Cryptophyceae",60.2661479480901
"VSS","H","Gyrista · Bacillariophyceae",58.5104012639511
"VSS","H","Gyrista · Mediophyceae",8.72612368085236
"VSS","H","Chlorophyta · Chlorophyceae",19.5498862309006
"VSS","H","Chlorophyta · Trebouxiophyceae",0.697131128170849
"VSS","H","Cryptophyta · Cryptophyceae",12.5164576961251
"VSS","I","Gyrista · Bacillariophyceae",0.812087803917709
"VSS","I","Gyrista · Mediophyceae",48.9297099199649
"VSS","I","Chlorophyta · Chlorophyceae",38.1895174419045
"VSS","I","Chlorophyta · Trebouxiophyceae",7.81800146895137
"VSS","I","Cryptophyta · Cryptophyceae",3.69395836961542
"VSS","I","Cyanobacteria · Cyanophyceae",0.556724995646149
"VSS","J","Gyrista · Mediophyceae",2.06889927642953
"VSS","J","Chlorophyta · Chlorophyceae",48.6546711916501
"VSS","J","Chlorophyta · Trebouxiophyceae",39.6683101748095
"VSS","J","Cryptophyta · Cryptophyceae",4.76499967983608
"VSS","J","Streptophyta · Klebsormidiophyceae",0.110456553755523
"VSS","J","Cyanobacteria · Cyanophyceae",4.73266312351924
"VSS","K","Gyrista · Bacillariophyceae",2.19528472909202
"VSS","K","Gyrista · Coscinodiscophyceae",1.88194309678091
"VSS","K","Chlorophyta · Chlorophyceae",21.3039177170553
"VSS","K","Chlorophyta · Trebouxiophyceae",1.95483525898017
"VSS","K","Cryptophyta · Cryptophyceae",27.8083598790179
"VSS","K","Dinoflagellata · Dinophyceae",3.8646099086008
"VSS","K","Cyanobacteria · Cyanophyceae",40.9910494104728
"VSS","L","Gyrista · Bacillariophyceae",14.3680810711892
"VSS","L","Gyrista · Mediophyceae",28.4117538014003
"VSS","L","Gyrista · Coscinodiscophyceae",2.36235817532785
"VSS","L","Chlorophyta · Chlorophyceae",13.8746951987566
"VSS","L","Chlorophyta · Trebouxiophyceae",2.45385796380886
"VSS","L","Dinoflagellata · Dinophyceae",29.1069145320677
"VSS","L","Cyanobacteria · Cyanophyceae",9.42233925744951
"VSS","M","Gyrista · Bacillariophyceae",2.19002471441044
"VSS","M","Chlorophyta · Chlorophyceae",0.212354841616526
"VSS","M","Chlorophyta · Trebouxiophyceae",0.457578519587611
"VSS","M","Cyanobacteria · Cyanophyceae",97.1400419243854
"VSS","N","Gyrista · Bacillariophyceae",0.397880622550547
"VSS","N","Chlorophyta · Chlorophyceae",1.4659248403504
"VSS","N","Cryptophyta · Cryptophyceae",1.2816397986724
"VSS","N","Dinoflagellata · Dinophyceae",21.5903951617716
"VSS","N","Cyanobacteria · Cyanophyceae",75.264159576655
"VSS","O","Gyrista · Mediophyceae",2.9060940369217
"VSS","O","Chlorophyta · Chlorophyceae",0.582208192540827
"VSS","O","Chlorophyta · Trebouxiophyceae",0.195142730501557
"VSS","O","Cryptophyta · Cryptophyceae",31.041959284822
"VSS","O","Dinoflagellata · Dinophyceae",12.8515735181529
"VSS","O","Cyanobacteria · Cyanophyceae",52.423022237061
"VSS","P","Gyrista · Mediophyceae",38.2963808336917
"VSS","P","Chlorophyta · Chlorophyceae",9.94178584369888
"VSS","P","Cryptophyta · Cryptophyceae",51.7611560200346
"VSS","P","Cyanobacteria · Cyanophyceae",0.000677302574765738
"VSS","Q","Gyrista · Xanthophyceae",0.0870521384653848
"VSS","Q","Gyrista · Bacillariophyceae",1.99803660843628
"VSS","Q","Gyrista · Mediophyceae",94.6740483019145
"VSS","Q","Chlorophyta · Chlorophyceae",1.61590693617064
"VSS","Q","Chlorophyta · Trebouxiophyceae",0.53389565171078
"VSS","Q","Cryptophyta · Cryptophyceae",0.862678849656967
"VSS","Q","Streptophyta · Zygnematophyceae",0.228381513645451
"VSS","R","Gyrista · Xanthophyceae",0.170072580127825
"VSS","R","Gyrista · Bacillariophyceae",0.534816892899735
"VSS","R","Gyrista · Mediophyceae",96.2897709450166
"VSS","R","Chlorophyta · Chlorophyceae",2.0303645473175
"VSS","R","Chlorophyta · Trebouxiophyceae",0.625838808370581
"VSS","R","Cryptophyta · Cryptophyceae",0.295593923049608
"VSS","R","Streptophyta · Zygnematophyceae",0.053542303218145
