"domain","subdivision","class","order","family","ecological_function"
"Eukaryota","Discosea_X","Centramoebia","Acanthopodida","Acanthamoebidae","phagotrophs"
"Eukaryota","Discosea_X","Centramoebia","Acanthopodida","Acanthopodida_X","phagotrophs"
"Eukaryota","Discosea_X","Centramoebia","Acanthopodida","Balamuthiidae","phagotrophs"
"Eukaryota","Discosea_X","Centramoebia","Himatismenida","Cochliopodiidae","phagotrophs"
"Eukaryota","Discosea_X","Centramoebia","Himatismenida","Himatismenida_X","phagotrophs"
"Eukaryota","Discosea_X","Centramoebia","Himatismenida","Parvamoebidae","phagotrophs"
"Eukaryota","Discosea_X","Centramoebia","Pellitida","Endostelium-lineage","phagotrophs"
"Eukaryota","Discosea_X","Centramoebia","Pellitida","Goceviidae","phagotrophs"
"Eukaryota","Evosea_X","Variosea","Cavosteliida","Cavosteliida_X","phagotrophs"
"Eukaryota","Evosea_X","Variosea","Flamellidae","ATCC50593-lineage","phagotrophs"
"Eukaryota","Evosea_X","Variosea","Flamellidae","Flamella-lineage","phagotrophs"
"Eukaryota","Evosea_X","Variosea","Flamellidae","WIM80-lineage","phagotrophs"
"Eukaryota","Evosea_X","Variosea","Fractovitellida","Acramoebidae","phagotrophs"
"Eukaryota","Evosea_X","Variosea","Fractovitellida","Schizoplasmodiidae","phagotrophs"
"Eukaryota","Evosea_X","Variosea","Fractovitellida","Soliformoviidae","phagotrophs"
"Eukaryota","Evosea_X","Variosea","Holomastigida","Holomastigida_X","phagotrophs"
"Eukaryota","Evosea_X","Variosea","Holomastigida","Multiciliidae","phagotrophs"
"Eukaryota","Evosea_X","Variosea","Protosteliida","Protosteliida_X","phagotrophs"
"Eukaryota","Evosea_X","Variosea","Variosea_X","AND16-lineage","phagotrophs"
"Eukaryota","Evosea_X","Variosea","Variosea_X","Filamoebidae","phagotrophs"
"Eukaryota","Evosea_X","Variosea","Variosea_X","Ischnamoebidae","phagotrophs"
"Eukaryota","Evosea_X","Variosea","Variosea_X","Mariager-Fjord-lineage","phagotrophs"
"Eukaryota","Evosea_X","Variosea","Variosea_X","Mb5C-lineage","phagotrophs"
"Eukaryota","Evosea_X","Variosea","Variosea_X","Phalansteriidae","phagotrophs"
"Eukaryota","Evosea_X","Variosea","Variosea_X","Variosea_XX","phagotrophs"
"Eukaryota","Evosea_X","Variosea","Variosea_X","WIM1-lineage","phagotrophs"
"Eukaryota","Evosea_X","Variosea","Variosea_X","WIM5-lineage","phagotrophs"
"Eukaryota","Tubulinea_X","Echinamoebida","Echinamoebida_X","Echinamoebidae","phagotrophs"
"Eukaryota","Tubulinea_X","Elardia","Arcellinida","Arcellinida_X","phagotrophs"
"Eukaryota","Tubulinea_X","Elardia","Arcellinida","Difflugina","phagotrophs"
"Eukaryota","Tubulinea_X","Elardia","Arcellinida","Heleopera-family","phagotrophs"
"Eukaryota","Tubulinea_X","Elardia","Arcellinida","Phryganellina","phagotrophs"
"Eukaryota","Tubulinea_X","Elardia","Arcellinida","Sphaerothecina","phagotrophs"
"Eukaryota","Tubulinea_X","Elardia","Euamoebida","Amoebidae","phagotrophs"
"Eukaryota","Tubulinea_X","Elardia","Euamoebida","Hartmannellidae","phagotrophs"
"Eukaryota","Tubulinea_X","Elardia","Euamoebida","LOS7N/I-lineage","phagotrophs"
"Eukaryota","Tubulinea_X","Elardia","Euamoebida","Nolandellidae","phagotrophs"
"Eukaryota","Tubulinea_X","Elardia","Euamoebida","Vermamoebidae","phagotrophs"
"Eukaryota","Tubulinea_X","Elardia","Leptomyxida","Flabellulidae","phagotrophs"
"Eukaryota","Tubulinea_X","Elardia","Leptomyxida","Leptomyxidae","phagotrophs"
"Eukaryota","Tubulinea_X","Elardia","Leptomyxida","Rhizamoeba-saxonica-lineage","phagotrophs"
"Eukaryota","Chlorophyta_X","Chlorodendrophyceae","Chlorodendrales","Chlorodendraceae","phototrophs"
"Eukaryota","Chlorophyta_X","Chlorophyceae","Chaetopeltidales","Chaetopeltidaceae","phototrophs"
"Eukaryota","Chlorophyta_X","Chlorophyceae","Chaetopeltidales","Chaetopeltidales_X","phototrophs"
"Eukaryota","Chlorophyta_X","Chlorophyceae","Chaetophorales","Chaetophorales_X","phototrophs"
"Eukaryota","Chlorophyta_X","Chlorophyceae","Chlamydomonadales","Chlamydomonadaceae","phototrophs"
"Eukaryota","Chlorophyta_X","Chlorophyceae","Chlamydomonadales","Chlamydomonadales_X","phototrophs"
"Eukaryota","Chlorophyta_X","Chlorophyceae","Chlamydomonadales","Coccomyxaceae","phototrophs"
"Eukaryota","Chlorophyta_X","Chlorophyceae","Chlorophyceae_X","Chlorophyceae_XX","phototrophs"
"Eukaryota","Chlorophyta_X","Chlorophyceae","Oedogoniales","Oedogoniales_X","phototrophs"
"Eukaryota","Chlorophyta_X","Chlorophyceae","Sphaeropleales","Microsporaceae","phototrophs"
"Eukaryota","Chlorophyta_X","Chlorophyceae","Sphaeropleales","Scenedesmaceae","phototrophs"
"Eukaryota","Chlorophyta_X","Chlorophyceae","Sphaeropleales","Selenastraceae","phototrophs"
"Eukaryota","Chlorophyta_X","Chlorophyceae","Sphaeropleales","Sphaeropleales_X","phototrophs"
"Eukaryota","Chlorophyta_X","Chlorophyta_XX","Chlorophyta_XXX","Chlorophyta_XXXX","phototrophs"
"Eukaryota","Chlorophyta_X","Chlorophyta_XX","Nephroselmidaceae","Nephroselmidaceae_X","phototrophs"
"Eukaryota","Chlorophyta_X","Mamiellophyceae","Dolichomastigales","Crustomastigaceae","phototrophs"
"Eukaryota","Chlorophyta_X","Mamiellophyceae","Dolichomastigales","Dolichomastigaceae","phototrophs"
"Eukaryota","Chlorophyta_X","Mamiellophyceae","Mamiellales","Bathycoccaceae","phototrophs"
"Eukaryota","Chlorophyta_X","Mamiellophyceae","Mamiellales","Mamiellaceae","phototrophs"
"Eukaryota","Chlorophyta_X","Mamiellophyceae","Mamiellophyceae_X","Mamiellophyceae_XX","phototrophs"
"Eukaryota","Chlorophyta_X","Mamiellophyceae","Monomastigales","Monomastigaceae","phototrophs"
"Eukaryota","Chlorophyta_X","Nephroselmidophyceae","Nephroselmidales","Nephroselmidales_X","phototrophs"
"Eukaryota","Chlorophyta_X","Pedinophyceae","Marsupiomonadales","Marsupiomonadaceae","phototrophs"
"Eukaryota","Chlorophyta_X","Pedinophyceae","Pedinomonadales","Pedinomonadaceae","phototrophs"
"Eukaryota","Chlorophyta_X","Pedinophyceae","Pedinophyceae_X","Pedinophyceae_XX","phototrophs"
"Eukaryota","Chlorophyta_X","Pyramimonadophyceae","Pyramimonadales","Halosphaeraceae","phototrophs"
"Eukaryota","Chlorophyta_X","Pyramimonadophyceae","Pyramimonadales","Pterospermaceae","phototrophs"
"Eukaryota","Chlorophyta_X","Pyramimonadophyceae","Pyramimonadales","Pyramimonadaceae","phototrophs"
"Eukaryota","Chlorophyta_X","Pyramimonadophyceae","Pyramimonadales","Pyramimonadales_X","phototrophs"
"Eukaryota","Chlorophyta_X","Trebouxiophyceae","Chlorellales","Chlorellaceae","phototrophs"
"Eukaryota","Chlorophyta_X","Trebouxiophyceae","Chlorellales","Chlorellales_X","phototrophs"
"Eukaryota","Chlorophyta_X","Trebouxiophyceae","Ctenocladales","Ctenocladales_X","phototrophs"
"Eukaryota","Chlorophyta_X","Trebouxiophyceae","Microthamniales","Microthamniales_X","phototrophs"
"Eukaryota","Chlorophyta_X","Trebouxiophyceae","Phyllosiphonales","Phyllosiphonales_X","phototrophs"
"Eukaryota","Chlorophyta_X","Trebouxiophyceae","Prasiolales","Prasiolales_X","phototrophs"
"Eukaryota","Chlorophyta_X","Trebouxiophyceae","Trebouxiophyceae_X","Trebouxiophyceae_XX","phototrophs"
"Eukaryota","Chlorophyta_X","Trebouxiophyceae","Watanabea-Clade","Watanabea-Clade_X","phototrophs"
"Eukaryota","Chlorophyta_X","Ulvophyceae","Bryopsidales","Bryopsidales_X","phototrophs"
"Eukaryota","Chlorophyta_X","Ulvophyceae","Bryopsidales","Ostreobiaceae","phototrophs"
"Eukaryota","Chlorophyta_X","Ulvophyceae","Cladophorales","Cladophorales_X","phototrophs"
"Eukaryota","Chlorophyta_X","Ulvophyceae","Dasycladales","Dasycladales_X","phototrophs"
"Eukaryota","Chlorophyta_X","Ulvophyceae","Ignatiales","Ignatiaceae","phototrophs"
"Eukaryota","Chlorophyta_X","Ulvophyceae","Oltmansiellopsidales","Oltmansiellopsidales_X","phototrophs"
"Eukaryota","Chlorophyta_X","Ulvophyceae","Trentepohliales","Trentepohliales_X","phototrophs"
"Eukaryota","Chlorophyta_X","Ulvophyceae","Ulotrichales","Ulotrichales_X","phototrophs"
"Eukaryota","Chlorophyta_X","Ulvophyceae","Ulvales-relatives","Ulvales-relatives_X","phototrophs"
"Eukaryota","Chlorophyta_X","Ulvophyceae","Ulvophyceae_X","Ulvophyceae_XX","phototrophs"
"Eukaryota","Glaucophyta_X","Glaucocystophyceae","Glaucocystophytes","Cyanophoraceae","phototrophs"
"Eukaryota","Glaucophyta_X","Glaucocystophyceae","Glaucocystophytes","Cyanoptycaceae","phototrophs"
"Eukaryota","Glaucophyta_X","Glaucocystophyceae","Glaucocystophytes","Glaucocystaceae","phototrophs"
"Eukaryota","Glaucophyta_X","Glaucocystophyceae","Glaucocystophytes","Glaucocystophytes_X","phototrophs"
"Eukaryota","Rhodophyta_X","Bangiophyceae","Bangiales","Bangiaceae","phototrophs"
"Eukaryota","Rhodophyta_X","Bangiophyceae","Bangiophyceae_X","Bangiophyceae_XX","phototrophs"
"Eukaryota","Rhodophyta_X","Bangiophyceae","Cyanidiales","Cyanidiales_X","phototrophs"
"Eukaryota","Rigifilida_X","Rigifilida_XX","Rigifilida_XXX","Rigifilida_XXXX","phagotrophs"
"Eukaryota","Cryptophyta_X","Cryptophyceae","Cryptomonadales","Cryptomonadales_X","phototrophs"
"Eukaryota","Cryptophyta_X","Cryptophyceae","Cryptomonadales","Hemiselmidaceae","phototrophs"
"Eukaryota","Cryptophyta_X","Cryptophyceae","Cryptophyceae-Basal-1","Cryptophyceae-Basal-1_X","phototrophs"
"Eukaryota","Cryptophyta_X","Cryptophyceae","Cryptophyceae-Basal-2","Cryptophyceae-Basal-2_X","phototrophs"
"Eukaryota","Cryptophyta_X","Cryptophyceae","Cryptophyceae_X","Cryptophyceae_XX","phototrophs"
"Eukaryota","Cryptophyta_X","Cryptophyceae","Goniomonadales","Goniomonadales_X","phototrophs"
"Eukaryota","Cryptophyta_X","Cryptophyceae","Pyrenomonadales","Baffinellaceae","phototrophs"
"Eukaryota","Cryptophyta_X","Cryptophyceae","Pyrenomonadales","Pyrenomonadaceae","phototrophs"
"Eukaryota","Kathablepharida","Kathablepharidea","Kathablepharidida","Kathablepharidida_X","phagotrophs"
"Eukaryota","Ancyromonadida_X","Ancyromonadida_XX","Ancyromonadida_XXX","Ancyromonadida_Group-1","phagotrophs"
"Eukaryota","Ancyromonadida_X","Ancyromonadida_XX","Ancyromonadida_XXX","Ancyromonadida_Group-2","phagotrophs"
"Eukaryota","Ancyromonadida_X","Ancyromonadida_XX","Ancyromonadida_XXX","Ancyromonadida_XXXX","phagotrophs"
"Eukaryota","Hemimastigophora_X","Hemimastigophora_XX","Hemimastigophora_XXX","Spironemidae","phagotrophs"
"Eukaryota","Discoba_X","Discoba_XX","Jakobida","Andaluciidae","parasites"
"Eukaryota","Discoba_X","Discoba_XX","Jakobida","Histionidae","parasites"
"Eukaryota","Discoba_X","Discoba_XX","Jakobida","Jakobida_X","parasites"
"Eukaryota","Discoba_X","Discoba_XX","Jakobida","Jakobidae","parasites"
"Eukaryota","Discoba_X","Discoba_XX","Jakobida","Moramonadidae","parasites"
"Eukaryota","Discoba_X","Discoba_XX","Jakobida","Stygiellidae","parasites"
"Eukaryota","Parabasalia","Trichomonadea","Honigbergiellida","Hexamastigidae","parasites"
"Eukaryota","Parabasalia","Trichomonadea","Honigbergiellida","Honigbergiellida_X","parasites"
"Eukaryota","Parabasalia","Trichomonadea","Honigbergiellida","Honigbergiellidae","parasites"
"Eukaryota","Parabasalia","Trichomonadea","Trichomonadida","Trichomonadidae","parasites"
"Eukaryota","Preaxostyla","Preaxostyla_X","Oxymonadida","Oxymonadida_X","parasites"
"Eukaryota","Preaxostyla","Preaxostyla_X","Oxymonadida","Oxymonadidae","parasites"
"Eukaryota","Preaxostyla","Preaxostyla_X","Oxymonadida","Polymastigidae","parasites"
"Eukaryota","Preaxostyla","Preaxostyla_X","Oxymonadida","Pyrsonymphidae","parasites"
"Eukaryota","Preaxostyla","Preaxostyla_X","Oxymonadida","Saccinobaculidae","parasites"
"Eukaryota","Preaxostyla","Preaxostyla_X","Oxymonadida","Streblomastigidae","parasites"
"Eukaryota","Preaxostyla","Preaxostyla_X","Preaxostyla_XX","Paramastigidae","parasites"
"Eukaryota","Preaxostyla","Preaxostyla_X","Preaxostyla_XX","Preaxostyla_XXX","parasites"
"Eukaryota","Preaxostyla","Preaxostyla_X","Preaxostyla_XX","Trimastigidae","parasites"
"Eukaryota","Centroplasthelida_X","Centroplasthelida_XX","Centroplasthelida_XXX","Centroplasthelida_XXXX","phagotrophs"
"Eukaryota","Centroplasthelida_X","Pterocystida","Microhelida","Microhelida_X","phagotrophs"
"Eukaryota","Centroplasthelida_X","Pterocystida","Pterista","Heterophryidae","phagotrophs"
"Eukaryota","Centroplasthelida_X","Pterocystida","Pterista","Oxnerellidae","phagotrophs"
"Eukaryota","Centroplasthelida_X","Pterocystida","Pterista","Pterocystidae","phagotrophs"
"Eukaryota","Centroplasthelida_X","Pterocystida","Pterocystida_X","Pterocystida_XX","phagotrophs"
"Eukaryota","Centroplasthelida_X","Pterocystida","Raphidista","Choanocystidae","phagotrophs"
"Eukaryota","Centroplasthelida_X","Pterocystida","Raphidista","Raphidiophryidae","phagotrophs"
"Eukaryota","Haptophyta_X","Pavlovophyceae","Pavlovales","Pavlovaceae","phototrophs"
"Eukaryota","Haptophyta_X","Prymnesiophyceae","Calcihaptophycidae","Calcihaptophycidae_X","phototrophs"
"Eukaryota","Haptophyta_X","Prymnesiophyceae","Calcihaptophycidae","Chrysoculteraceae","phototrophs"
"Eukaryota","Haptophyta_X","Prymnesiophyceae","Calcihaptophycidae","Rhabdosphaeraceae","phototrophs"
"Eukaryota","Haptophyta_X","Prymnesiophyceae","Calcihaptophycidae","Watznaueriaceae","phototrophs"
"Eukaryota","Haptophyta_X","Prymnesiophyceae","Coccolithales","Calcidiscaceae","phototrophs"
"Eukaryota","Haptophyta_X","Prymnesiophyceae","Coccolithales","Calyptrosphaeraceae","phototrophs"
"Eukaryota","Haptophyta_X","Prymnesiophyceae","Coccolithales","Chrysotilaceae","phototrophs"
"Eukaryota","Haptophyta_X","Prymnesiophyceae","Coccolithales","Coccolithaceae","phototrophs"
"Eukaryota","Haptophyta_X","Prymnesiophyceae","Coccolithales","Coccolithales_X","phototrophs"
"Eukaryota","Haptophyta_X","Prymnesiophyceae","Coccolithales","Hymenomonadaceae","phototrophs"
"Eukaryota","Haptophyta_X","Prymnesiophyceae","Isochrysidales","Isochrysidaceae","phototrophs"
"Eukaryota","Haptophyta_X","Prymnesiophyceae","Isochrysidales","Noelaerhabdaceae","phototrophs"
"Eukaryota","Haptophyta_X","Prymnesiophyceae","Isochrysidales","Prymnesiophyceae_Clade_C1","phototrophs"
"Eukaryota","Haptophyta_X","Prymnesiophyceae","Phaeocystales","Phaeocystaceae","phototrophs"
"Eukaryota","Haptophyta_X","Prymnesiophyceae","Prymnesiales","Chrysochromulinaceae","phototrophs"
"Eukaryota","Haptophyta_X","Prymnesiophyceae","Prymnesiales","Prymnesiaceae","phototrophs"
"Eukaryota","Haptophyta_X","Prymnesiophyceae","Prymnesiales","Prymnesiales_X","phototrophs"
"Eukaryota","Haptophyta_X","Prymnesiophyceae","Prymnesiales","Prymnesiophyceae_Clade_B3","phototrophs"
"Eukaryota","Haptophyta_X","Prymnesiophyceae","Prymnesiales","Prymnesiophyceae_Clade_B4","phototrophs"
"Eukaryota","Haptophyta_X","Prymnesiophyceae","Prymnesiales","Prymnesiophyceae_Clade_B5","phototrophs"
"Eukaryota","Haptophyta_X","Prymnesiophyceae","Prymnesiophyceae_Clade_D","Prymnesiophyceae_Clade_D_X","phototrophs"
"Eukaryota","Haptophyta_X","Prymnesiophyceae","Prymnesiophyceae_Clade_E","Prymnesiophyceae_Clade_E_X","phototrophs"
"Eukaryota","Haptophyta_X","Prymnesiophyceae","Prymnesiophyceae_Clade_F","Prymnesiophyceae_Clade_F_X","phototrophs"
"Eukaryota","Haptophyta_X","Prymnesiophyceae","Prymnesiophyceae_X","Braarudosphaeraceae","phototrophs"
"Eukaryota","Haptophyta_X","Prymnesiophyceae","Prymnesiophyceae_X","Prymnesiophyceae_XX","phototrophs"
"Eukaryota","Haptophyta_X","Prymnesiophyceae","Syracosphaerales","Syracosphaeraceae","phototrophs"
"Eukaryota","Haptophyta_X","Prymnesiophyceae","Syracosphaerales","Syracosphaerales_X","phototrophs"
"Eukaryota","Haptophyta_X","Prymnesiophyceae","Zygodiscales","Helicosphaeraceae","phototrophs"
"Eukaryota","Haptophyta_X","Prymnesiophyceae","Zygodiscales","Pontosphaeraceae","phototrophs"
"Eukaryota","Choanoflagellata","Choanoflagellatea","Acanthoecida","Acanthoecida_X","phagotrophs"
"Eukaryota","Choanoflagellata","Choanoflagellatea","Acanthoecida","Acanthoecidae","phagotrophs"
"Eukaryota","Choanoflagellata","Choanoflagellatea","Acanthoecida","Acanthoecidae_Group_G","phagotrophs"
"Eukaryota","Choanoflagellata","Choanoflagellatea","Acanthoecida","Stephanoecidae","phagotrophs"
"Eukaryota","Choanoflagellata","Choanoflagellatea","Acanthoecida","Stephanoecidae_Group_D","phagotrophs"
"Eukaryota","Choanoflagellata","Choanoflagellatea","Acanthoecida","Stephanoecidae_Group_E","phagotrophs"
"Eukaryota","Choanoflagellata","Choanoflagellatea","Acanthoecida","Stephanoecidae_Group_F","phagotrophs"
"Eukaryota","Choanoflagellata","Choanoflagellatea","Acanthoecida","Stephanoecidae_Group_H","phagotrophs"
"Eukaryota","Choanoflagellata","Choanoflagellatea","Acanthoecida","Stephanoecidae_Group_I","phagotrophs"
"Eukaryota","Choanoflagellata","Choanoflagellatea","Acanthoecida","Stephanoecidae_New_Choanos_8","phagotrophs"
"Eukaryota","Choanoflagellata","Choanoflagellatea","Choanoflagellatea_X","Choanoflagellata_XX_Clade-2","phagotrophs"
"Eukaryota","Choanoflagellata","Choanoflagellatea","Choanoflagellatea_X","Choanoflagellata_XX_Clade-3","phagotrophs"
"Eukaryota","Choanoflagellata","Choanoflagellatea","Choanoflagellatea_X","Choanoflagellatea_XX","phagotrophs"
"Eukaryota","Choanoflagellata","Choanoflagellatea","Choanoflagellatea_X","Choanoflagellatea_XX_Group_L","phagotrophs"
"Eukaryota","Choanoflagellata","Choanoflagellatea","Choanoflagellatea_X","Choanoflagellatea_XX_Group_P","phagotrophs"
"Eukaryota","Choanoflagellata","Choanoflagellatea","Choanoflagellatea_X","Choanoflagellatea_XX_Group_Q","phagotrophs"
"Eukaryota","Choanoflagellata","Choanoflagellatea","Choanoflagellatea_X","Choanoflagellatea_XX_New_Choanos_7","phagotrophs"
"Eukaryota","Choanoflagellata","Choanoflagellatea","Craspedida","Monosigidae_Group_A","phagotrophs"
"Eukaryota","Choanoflagellata","Choanoflagellatea","Craspedida","Monosigidae_Group_B","phagotrophs"
"Eukaryota","Choanoflagellata","Choanoflagellatea","Craspedida","Monosigidae_Group_M","phagotrophs"
"Eukaryota","Choanoflagellata","Choanoflagellatea","Craspedida","Monosigidae_Group_N","phagotrophs"
"Eukaryota","Choanoflagellata","Choanoflagellatea","Craspedida","Monosigidae_Group_O","phagotrophs"
"Eukaryota","Choanoflagellata","Choanoflagellatea","Craspedida","Salpingoecidae_Group_C1","phagotrophs"
"Eukaryota","Choanoflagellata","Choanoflagellatea","Craspedida","Salpingoecidae_Group_C2","phagotrophs"
"Eukaryota","Choanoflagellata","Choanoflagellatea","Craspedida","Salpingoecidae_Group_C3","phagotrophs"
"Eukaryota","Filasterea","Filasterea_X","Capsasporida","Capsasporidae","phagotrophs"
"Eukaryota","Filasterea","Filasterea_X","Filasterea_XX","Filasterea_XXX","phagotrophs"
"Eukaryota","Filasterea","Filasterea_X","Ministerida","Ministeridae","phagotrophs"
"Eukaryota","Fungi","Aphelidiomycota","Aphelidiales","Aphelidiaceae","parasites"
"Eukaryota","Fungi","Ascomycota","Ascomycota_X","Ascomycota_XX","phagotrophs"
"Eukaryota","Fungi","Ascomycota","Pezizomycotina","Arthoniomycetes","phagotrophs"
"Eukaryota","Fungi","Ascomycota","Pezizomycotina","Dothideomycetes","phagotrophs"
"Eukaryota","Fungi","Ascomycota","Pezizomycotina","Eurotiomycetes","phagotrophs"
"Eukaryota","Fungi","Ascomycota","Pezizomycotina","Geoglossomycetes","phagotrophs"
"Eukaryota","Fungi","Ascomycota","Pezizomycotina","Laboulbeniomycetes","phagotrophs"
"Eukaryota","Fungi","Ascomycota","Pezizomycotina","Lecanoromycetes","phagotrophs"
"Eukaryota","Fungi","Ascomycota","Pezizomycotina","Leotiomycetes","phagotrophs"
"Eukaryota","Fungi","Ascomycota","Pezizomycotina","Lichinomycetes","phagotrophs"
"Eukaryota","Fungi","Ascomycota","Pezizomycotina","New-Pezizomycotina-family","phagotrophs"
"Eukaryota","Fungi","Ascomycota","Pezizomycotina","Orbiliomycetes","phagotrophs"
"Eukaryota","Fungi","Ascomycota","Pezizomycotina","Pezizomycetes","phagotrophs"
"Eukaryota","Fungi","Ascomycota","Pezizomycotina","Pezizomycotina_X","phagotrophs"
"Eukaryota","Fungi","Ascomycota","Pezizomycotina","Sordariomycetes","phagotrophs"
"Eukaryota","Fungi","Ascomycota","Saccharomycotina","Lipomycetaceae","phagotrophs"
"Eukaryota","Fungi","Ascomycota","Saccharomycotina","Saccharomycetales","phagotrophs"
"Eukaryota","Fungi","Ascomycota","Saccharomycotina","Saccharomycotina_X","phagotrophs"
"Eukaryota","Fungi","Ascomycota","Saccharomycotina","Stephanoascales","phagotrophs"
"Eukaryota","Fungi","Ascomycota","Taphrinomycotina","Archaeorhizomycetales","phagotrophs"
"Eukaryota","Fungi","Ascomycota","Taphrinomycotina","Neolectomycetes","phagotrophs"
"Eukaryota","Fungi","Ascomycota","Taphrinomycotina","Pneumocystidomycetes","phagotrophs"
"Eukaryota","Fungi","Ascomycota","Taphrinomycotina","Schizosaccharomycetes","phagotrophs"
"Eukaryota","Fungi","Ascomycota","Taphrinomycotina","Taphrinomycetes","phagotrophs"
"Eukaryota","Fungi","Ascomycota","Taphrinomycotina","Taphrinomycotina_X","phagotrophs"
"Eukaryota","Fungi","Basidiomycota","Agaricomycotina","Agaricomycetes","phagotrophs"
"Eukaryota","Fungi","Basidiomycota","Agaricomycotina","Agaricomycotina_X","phagotrophs"
"Eukaryota","Fungi","Basidiomycota","Agaricomycotina","Dacrymycetes","phagotrophs"
"Eukaryota","Fungi","Basidiomycota","Agaricomycotina","Monilycetes","phagotrophs"
"Eukaryota","Fungi","Basidiomycota","Agaricomycotina","Tremellomycetes","phagotrophs"
"Eukaryota","Fungi","Basidiomycota","Basidiomycota_X","Basidiomycota_XX","phagotrophs"
"Eukaryota","Fungi","Basidiomycota","Entorrhizomycetes","Entorrhizales","phagotrophs"
"Eukaryota","Fungi","Basidiomycota","Pucciniomycotina","Agaricostilbomycetes","phagotrophs"
"Eukaryota","Fungi","Basidiomycota","Pucciniomycotina","Atractiellomycetes","phagotrophs"
"Eukaryota","Fungi","Basidiomycota","Pucciniomycotina","Cystobasidiomycetes","phagotrophs"
"Eukaryota","Fungi","Basidiomycota","Pucciniomycotina","Microbotryomycetes","phagotrophs"
"Eukaryota","Fungi","Basidiomycota","Pucciniomycotina","Mixiomycetes","phagotrophs"
"Eukaryota","Fungi","Basidiomycota","Pucciniomycotina","Pucciniomycetes","phagotrophs"
"Eukaryota","Fungi","Basidiomycota","Pucciniomycotina","Pucciniomycotina_X","phagotrophs"
"Eukaryota","Fungi","Basidiomycota","Pucciniomycotina","Tritirachiomycetes","phagotrophs"
"Eukaryota","Fungi","Basidiomycota","Ustilaginomycotina","Exobasidiomycetes","phagotrophs"
"Eukaryota","Fungi","Basidiomycota","Ustilaginomycotina","Ustilaginomycete","phagotrophs"
"Eukaryota","Fungi","Basidiomycota","Ustilaginomycotina","Ustilaginomycetes","phagotrophs"
"Eukaryota","Fungi","Basidiomycota","Ustilaginomycotina","Ustilaginomycotina_X","phagotrophs"
"Eukaryota","Fungi","Basidiomycota","Wallemiomycetes","Wallemiales","phagotrophs"
"Eukaryota","Fungi","Blastocladiomycota","Blastocladiomycotina","Blastocladiomycetes","parasites"
"Eukaryota","Fungi","Chytridiomycota","Calcarisporiellales","Calcarisporiellaceae","parasites"
"Eukaryota","Fungi","Chytridiomycota","Chytridiales","Chytridiaceae","parasites"
"Eukaryota","Fungi","Chytridiomycota","Chytridiales","Chytridiales_X","parasites"
"Eukaryota","Fungi","Chytridiomycota","Chytridiales","Chytridiomycetaceae","parasites"
"Eukaryota","Fungi","Chytridiomycota","Chytridiales","Chytriomycetaceae","parasites"
"Eukaryota","Fungi","Chytridiomycota","Chytridiomycota_X","Chytridiomycota_XX","parasites"
"Eukaryota","Fungi","Chytridiomycota","Cladochytriales","Cladochytriaceae","parasites"
"Eukaryota","Fungi","Chytridiomycota","Cladochytriales","Cladochytriales_X","parasites"
"Eukaryota","Fungi","Chytridiomycota","Cladochytriales","Endochytriaceae","parasites"
"Eukaryota","Fungi","Chytridiomycota","Cladochytriales","Nowakowskiellaceae","parasites"
"Eukaryota","Fungi","Chytridiomycota","Cladochytriales","Septochytriaceae","parasites"
"Eukaryota","Fungi","Chytridiomycota","Gromochytriales","Gromochytriaceae","parasites"
"Eukaryota","Fungi","Chytridiomycota","Lobulomycetales","Lobulomycetaceae","parasites"
"Eukaryota","Fungi","Chytridiomycota","Mesochytriales","Mesochytriaceae","parasites"
"Eukaryota","Fungi","Chytridiomycota","Monoblepharidales","Gonapodyaceae","parasites"
"Eukaryota","Fungi","Chytridiomycota","Monoblepharidales","Harpochytriaceae","parasites"
"Eukaryota","Fungi","Chytridiomycota","Monoblepharidales","Monoblepharidaceae","parasites"
"Eukaryota","Fungi","Chytridiomycota","Monoblepharidales","Oedogoniomycetaceae","parasites"
"Eukaryota","Fungi","Chytridiomycota","Neocallimastigales","Neocallimastigaceae","parasites"
"Eukaryota","Fungi","Chytridiomycota","Olpidiales","Olpidiaceae","parasites"
"Eukaryota","Fungi","Chytridiomycota","Polychytriales","Polychytriales_X","parasites"
"Eukaryota","Fungi","Chytridiomycota","Polyphagales","Polyphagaceae","parasites"
"Eukaryota","Fungi","Chytridiomycota","Rhizophlyctidales","Rhizophlyctidaceae","parasites"
"Eukaryota","Fungi","Chytridiomycota","Rhizophydiales","Alphamycetaceae","parasites"
"Eukaryota","Fungi","Chytridiomycota","Rhizophydiales","Ericiomycetaceae","parasites"
"Eukaryota","Fungi","Chytridiomycota","Rhizophydiales","Gorgonomycetaceae","parasites"
"Eukaryota","Fungi","Chytridiomycota","Rhizophydiales","Kappamycetaceae","parasites"
"Eukaryota","Fungi","Chytridiomycota","Rhizophydiales","Rhizophydiaceae","parasites"
"Eukaryota","Fungi","Chytridiomycota","Rhizophydiales","Rhizophydiales_X","parasites"
"Eukaryota","Fungi","Chytridiomycota","Rhizophydiales","Staurastromycetaceae","parasites"
"Eukaryota","Fungi","Chytridiomycota","Spizellomycetales","Powellomycetaceae","parasites"
"Eukaryota","Fungi","Chytridiomycota","Spizellomycetales","Spizellomycetaceae","parasites"
"Eukaryota","Fungi","Chytridiomycota","Spizellomycetales","Spizellomycetales_X","parasites"
"Eukaryota","Fungi","Chytridiomycota","Synchytriales","Synchytriaceae","parasites"
"Eukaryota","Fungi","Chytridiomycota","Zygophlyctidales","Zygophlyctidaceae","parasites"
"Eukaryota","Fungi","Chytridiomycota","Zygorhizidiales","Zygorhizidiaceae","parasites"
"Eukaryota","Fungi","Fungi_X","Fungi_XX","Fungi_XXX","parasites"
"Eukaryota","Fungi","Mucoromycota","Glomeromycotina","Archaeosporales","parasites"
"Eukaryota","Fungi","Mucoromycota","Glomeromycotina","Diversiporales","parasites"
"Eukaryota","Fungi","Mucoromycota","Glomeromycotina","Diversisporales","parasites"
"Eukaryota","Fungi","Mucoromycota","Glomeromycotina","Glomerales","parasites"
"Eukaryota","Fungi","Mucoromycota","Glomeromycotina","Glomeromycotina_X","parasites"
"Eukaryota","Fungi","Mucoromycota","Glomeromycotina","Paraglomus-family","parasites"
"Eukaryota","Fungi","Mucoromycota","Mortierellaceae","Mortierellaceae_X","parasites"
"Eukaryota","Fungi","Mucoromycota","Mucoromycotina","Endogonales","parasites"
"Eukaryota","Fungi","Mucoromycota","Mucoromycotina","Mucorales","parasites"
"Eukaryota","Fungi","Mucoromycota","Mucoromycotina","Mucoromycotina_X","parasites"
"Eukaryota","Fungi","Mucoromycota","Mucoromycotina","Umbelopsidales","parasites"
"Eukaryota","Fungi","Opisthosporidia","Microsporida","Microsporida_X","parasites"
"Eukaryota","Fungi","Rozellomycota","Rozellomycota_X","Rozellomycota_XX","parasites"
"Eukaryota","Fungi","Sanchytriomycota","Sanchytriales","Sanchytriaceae","parasites"
"Eukaryota","Fungi","Zoopagomycota","Entomophthoromycotina","Entomophthorales","parasites"
"Eukaryota","Fungi","Zoopagomycota","Entomophthoromycotina","Entomophthoromycotina_X","parasites"
"Eukaryota","Fungi","Zoopagomycota","Entomophthoromycotina","Neozygitaceae","parasites"
"Eukaryota","Fungi","Zoopagomycota","Kickxellomycotina","Dimargaritaceae","parasites"
"Eukaryota","Fungi","Zoopagomycota","Kickxellomycotina","Harpellales","parasites"
"Eukaryota","Fungi","Zoopagomycota","Kickxellomycotina","Kickxellales","parasites"
"Eukaryota","Fungi","Zoopagomycota","Kickxellomycotina","Kickxellomycotina_X","parasites"
"Eukaryota","Fungi","Zoopagomycota","Zoopagomycota_X","Zoopagomycota_XX","parasites"
"Eukaryota","Fungi","Zoopagomycota","Zoopagomycotina","Zoopagales","parasites"
"Eukaryota","Fungi","Zoopagomycota","Zoopagomycotina","Zoopagomycotina_X","parasites"
"Eukaryota","Ichthyosporea","Dermocystida","Dermocystida_X","Dermocystida_XX","parasites"
"Eukaryota","Ichthyosporea","Dermocystida","Rhynosporidae","Rhynosporidae_X","parasites"
"Eukaryota","Ichthyosporea","Ichthyophonida","Abeoformidae","Abeoformidae_Group_MAIP_1","parasites"
"Eukaryota","Ichthyosporea","Ichthyophonida","Abeoformidae","Abeoformidae_Group_MAIP_2","parasites"
"Eukaryota","Ichthyosporea","Ichthyophonida","Abeoformidae","Abeoformidae_Group_MAIP_3","parasites"
"Eukaryota","Ichthyosporea","Ichthyophonida","Abeoformidae","Abeoformidae_Group_MAIP_4","parasites"
"Eukaryota","Ichthyosporea","Ichthyophonida","Ichthyophonida_X","Ichthyophonida_XX","parasites"
"Eukaryota","Ichthyosporea","Ichthyophonida","Ichthyophonidae","Amoebidianae","parasites"
"Eukaryota","Ichthyosporea","Ichthyophonida","Ichthyophonidae","Eccrinales","parasites"
"Eukaryota","Ichthyosporea","Ichthyophonida","Ichthyophonidae","Ichthyosponidales","parasites"
"Eukaryota","Ichthyosporea","Ichthyophonida","Ichthyosphonida_X","Ichthyophonidae_Freshwater","parasites"
"Eukaryota","Ichthyosporea","Ichthyophonida","Ichthyosphonida_X","Ichthyosphonida_XX","parasites"
"Eukaryota","Ichthyosporea","Ichthyophonida","Pseudoperkinsidae","Pseudoperkinsidae_X","parasites"
"Eukaryota","Ichthyosporea","Ichthyophonida","Psorospermidae","Psorospermidae_X","parasites"
"Eukaryota","Pluriformea","Pluriformea_X","Pluriformea_XX","Pluriformea_XXX","phagotrophs"
"Eukaryota","Rotosphaerida","Rotosphaerida_X","Rotosphaerida_XX","Rotosphaerida_XXX","phagotrophs"
"Eukaryota","Nebulidia_X","Nebulidea","Nebulidida","Nebulidae","phagotrophs"
"Eukaryota","Alveolata_X","Alveolata_XX","Alveolata_XXX","Alveolata_XXXX","parasites"
"Eukaryota","Apicomplexa","Apicomplexa_X","Apicomplexa_XX","Apicomplexa_XXX","parasites"
"Eukaryota","Apicomplexa","Coccidiomorphea","Adeleida","Adeleida_X","parasites"
"Eukaryota","Apicomplexa","Coccidiomorphea","Adeleida","Adeleidae","parasites"
"Eukaryota","Apicomplexa","Coccidiomorphea","Adeleida","Dactylosomatidae","parasites"
"Eukaryota","Apicomplexa","Coccidiomorphea","Adeleida","Haemogregarinidae","parasites"
"Eukaryota","Apicomplexa","Coccidiomorphea","Adeleida","Hepatozoidae","parasites"
"Eukaryota","Apicomplexa","Coccidiomorphea","Adeleida","Klossiellidae","parasites"
"Eukaryota","Apicomplexa","Coccidiomorphea","Coccidiomorphea_X","Coccidiomorphea_XX","parasites"
"Eukaryota","Apicomplexa","Coccidiomorphea","Eimeriida","Calyptosporidae","parasites"
"Eukaryota","Apicomplexa","Coccidiomorphea","Eimeriida","Corallicolidae","parasites"
"Eukaryota","Apicomplexa","Coccidiomorphea","Eimeriida","Eimeriidae","parasites"
"Eukaryota","Apicomplexa","Coccidiomorphea","Eimeriida","Sarcocystidae","parasites"
"Eukaryota","Apicomplexa","Coccidiomorphea","Haemosporida","Plasmodiidae","parasites"
"Eukaryota","Apicomplexa","Coccidiomorphea","Marosporida","Aggregatidae","parasites"
"Eukaryota","Apicomplexa","Coccidiomorphea","Marosporida","Margolisiellidae","parasites"
"Eukaryota","Apicomplexa","Coccidiomorphea","Marosporida","Marosporida_X","parasites"
"Eukaryota","Apicomplexa","Coccidiomorphea","Marosporida","Rhytidocystidae","parasites"
"Eukaryota","Apicomplexa","Coccidiomorphea","Nephromycida","Nephromycidae","parasites"
"Eukaryota","Apicomplexa","Coccidiomorphea","Piroplasmorida","Babesiidae","parasites"
"Eukaryota","Apicomplexa","Coccidiomorphea","Piroplasmorida","Piroplasmorida1","parasites"
"Eukaryota","Apicomplexa","Coccidiomorphea","Piroplasmorida","Piroplasmorida2","parasites"
"Eukaryota","Apicomplexa","Coccidiomorphea","Piroplasmorida","Piroplasmorida3","parasites"
"Eukaryota","Apicomplexa","Coccidiomorphea","Piroplasmorida","Piroplasmorida4","parasites"
"Eukaryota","Apicomplexa","Coccidiomorphea","Piroplasmorida","Piroplasmorida5","parasites"
"Eukaryota","Apicomplexa","Coccidiomorphea","Piroplasmorida","Piroplasmorida6","parasites"
"Eukaryota","Apicomplexa","Coccidiomorphea","Piroplasmorida","Piroplasmorida_X","parasites"
"Eukaryota","Apicomplexa","Coccidiomorphea","Piroplasmorida","Theileriidae","parasites"
"Eukaryota","Apicomplexa","Gregarinomorphea","Cryptogregarinorida","Cryptosporidiidae","parasites"
"Eukaryota","Apicomplexa","Gregarinomorphea","Eugregarinorida","Cephaloidophoridae","parasites"
"Eukaryota","Apicomplexa","Gregarinomorphea","Eugregarinorida","Eugregarinorida_EUG1","parasites"
"Eukaryota","Apicomplexa","Gregarinomorphea","Eugregarinorida","Eugregarinorida_EUG2","parasites"
"Eukaryota","Apicomplexa","Gregarinomorphea","Eugregarinorida","Eugregarinorida_EUG3","parasites"
"Eukaryota","Apicomplexa","Gregarinomorphea","Eugregarinorida","Eugregarinorida_X","parasites"
"Eukaryota","Apicomplexa","Gregarinomorphea","Eugregarinorida","Ganymedidae","parasites"
"Eukaryota","Apicomplexa","Gregarinomorphea","Eugregarinorida","Gregarinidae","parasites"
"Eukaryota","Apicomplexa","Gregarinomorphea","Eugregarinorida","Lecudinidae","parasites"
"Eukaryota","Apicomplexa","Gregarinomorphea","Eugregarinorida","Paralecudinids","parasites"
"Eukaryota","Apicomplexa","Gregarinomorphea","Eugregarinorida","Polyplicariidae","parasites"
"Eukaryota","Apicomplexa","Gregarinomorphea","Eugregarinorida","Porosporidae","parasites"
"Eukaryota","Apicomplexa","Gregarinomorphea","Eugregarinorida","Trichotokaridae","parasites"
"Eukaryota","Apicomplexa","Gregarinomorphea","Eugregarinorida","Uradiphoridae","parasites"
"Eukaryota","Apicomplexa","Gregarinomorphea","Eugregarinorida","Urosporidae","parasites"
"Eukaryota","Apicomplexa","Gregarinomorphea","Eugregarinorida","Veloxidiidae","parasites"
"Eukaryota","Apicomplexa","Gregarinomorphea","Gregarinomorphea_X","Gregarinomorphea_XX","parasites"
"Eukaryota","Apicomplexa","Gregarinomorphea","Gregarinomorphea_X_GRE1","Gregarinomorphea_X_GRE1_X","parasites"
"Eukaryota","Apicomplexa","Gregarinomorphea","Gregarinomorphea_X_GRE2","Gregarinomorphea_X_GRE2_X","parasites"
"Eukaryota","Apicomplexa","Gregarinomorphea","Gregarinomorphea_X_GRE3","Gregarinomorphea_X_GRE3_X","parasites"
"Eukaryota","Apicomplexa","Gregarinomorphea","Gregarinomorphea_X_GRE4","Gregarinomorphea_X_GRE4_X","parasites"
"Eukaryota","Apicomplexa","Gregarinomorphea","Gregarinomorphea_X_GRE5","Gregarinomorphea_X_GRE5_X","parasites"
"Eukaryota","Apicomplexa","Gregarinomorphea","Gregarinomorphea_X_GRE6","Gregarinomorphea_X_GRE6_X","parasites"
"Eukaryota","Apicomplexa","Gregarinomorphea","Gregarinomorphea_X_GRE7","Gregarinomorphea_X_GRE7_X","parasites"
"Eukaryota","Apicomplexa","Gregarinomorphea","Neogregarinorida","Actinocephalidae","parasites"
"Eukaryota","Apicomplexa","Gregarinomorphea","Neogregarinorida","Neogregarinorida_NEO2","parasites"
"Eukaryota","Apicomplexa","Gregarinomorphea","Neogregarinorida","Stylocephalidae","parasites"
"Eukaryota","Apicomplexa","Gregarinomorphea","Stenophorida","Stenophoridae","parasites"
"Eukaryota","Chrompodellids","Colpodellidea","Colpodellida","Alphamonaceae","phagotrophs"
"Eukaryota","Chrompodellids","Colpodellidea","Colpodellida","Chromeraceae","phagotrophs"
"Eukaryota","Chrompodellids","Colpodellidea","Colpodellida","Colpodellaceae","phagotrophs"
"Eukaryota","Chrompodellids","Colpodellidea","Colpodellida","Colpodellida_CHR1","phagotrophs"
"Eukaryota","Chrompodellids","Colpodellidea","Vitrelladida","Vitrellaceae","phagotrophs"
"Eukaryota","Ciliophora","Armophorea","Armophorea_X","ARMOP1","phagotrophs"
"Eukaryota","Ciliophora","Armophorea","Armophorea_X","Apometopidae","phagotrophs"
"Eukaryota","Ciliophora","Armophorea","Armophorea_X","Armophorea_XX","phagotrophs"
"Eukaryota","Ciliophora","Armophorea","Armophorea_X","Caenomorphidae","phagotrophs"
"Eukaryota","Ciliophora","Armophorea","Armophorea_X","Clevelandellida","phagotrophs"
"Eukaryota","Ciliophora","Armophorea","Armophorea_X","Metopidae","phagotrophs"
"Eukaryota","Ciliophora","Armophorea","Armophorea_X","Nyctotheridae","phagotrophs"
"Eukaryota","Ciliophora","Armophorea","Armophorea_X","Tropidoatractidae","phagotrophs"
"Eukaryota","Ciliophora","CONTH_2","CONTH_2_X","CONTH_2_XX","phagotrophs"
"Eukaryota","Ciliophora","CONTH_3","CONTH_3_X","CONTH_3_XX","phagotrophs"
"Eukaryota","Ciliophora","CONTH_4","CONTH_4_X","CONTH_4_XX","phagotrophs"
"Eukaryota","Ciliophora","CONTH_5","CONTH_5_X","CONTH_5_XX","phagotrophs"
"Eukaryota","Ciliophora","CONTH_7","CONTH_7_X","CONTH_7_XX","phagotrophs"
"Eukaryota","Ciliophora","CONThreeP","CONThreeP_X","CONThreeP_XX","phagotrophs"
"Eukaryota","Ciliophora","CONThreeP","CONThreeP_X","Cryptocaryonidae","phagotrophs"
"Eukaryota","Ciliophora","CONThreeP","CONThreeP_X","Discotrichidae","phagotrophs"
"Eukaryota","Ciliophora","Colpodea","Colpodea_X","Bardeliellidae","phagotrophs"
"Eukaryota","Ciliophora","Colpodea","Colpodea_X","Bursariomorphida","phagotrophs"
"Eukaryota","Ciliophora","Colpodea","Colpodea_X","Colpodida","phagotrophs"
"Eukaryota","Ciliophora","Colpodea","Colpodea_X","Cyrtolophosidida","phagotrophs"
"Eukaryota","Ciliophora","Colpodea","Colpodea_X","Jaroschiidae","phagotrophs"
"Eukaryota","Ciliophora","Colpodea","Colpodea_X","Platyophryida","phagotrophs"
"Eukaryota","Ciliophora","Colpodea","Colpodea_X","Sandmanniellidae","phagotrophs"
"Eukaryota","Ciliophora","Heterotrichea","Heterotrichea_X","Blepharismidae","phagotrophs"
"Eukaryota","Ciliophora","Heterotrichea","Heterotrichea_X","Climacostomidae","phagotrophs"
"Eukaryota","Ciliophora","Heterotrichea","Heterotrichea_X","Condylostomatidae","phagotrophs"
"Eukaryota","Ciliophora","Heterotrichea","Heterotrichea_X","Fabreidae","phagotrophs"
"Eukaryota","Ciliophora","Heterotrichea","Heterotrichea_X","Folliculinidae","phagotrophs"
"Eukaryota","Ciliophora","Heterotrichea","Heterotrichea_X","Gruberiidae","phagotrophs"
"Eukaryota","Ciliophora","Heterotrichea","Heterotrichea_X","Heterotrichea_XX","phagotrophs"
"Eukaryota","Ciliophora","Heterotrichea","Heterotrichea_X","Maristentoridae","phagotrophs"
"Eukaryota","Ciliophora","Heterotrichea","Heterotrichea_X","Peritromidae","phagotrophs"
"Eukaryota","Ciliophora","Heterotrichea","Heterotrichea_X","Spirostomidae","phagotrophs"
"Eukaryota","Ciliophora","Heterotrichea","Heterotrichea_X","Stentoridae","phagotrophs"
"Eukaryota","Ciliophora","Karyorelictea","Karyorelictea_X","Geleiidae","phagotrophs"
"Eukaryota","Ciliophora","Karyorelictea","Karyorelictea_X","Kentrophoridae","phagotrophs"
"Eukaryota","Ciliophora","Karyorelictea","Karyorelictea_X","Loxodidae","phagotrophs"
"Eukaryota","Ciliophora","Karyorelictea","Karyorelictea_X","Trachelocercidae","phagotrophs"
"Eukaryota","Ciliophora","Karyorelictea","Karyorelictea_X","Wilbertomorphidae","phagotrophs"
"Eukaryota","Ciliophora","Litostomatea","Haptoria_1","Helicoprorodontidae","phagotrophs"
"Eukaryota","Ciliophora","Litostomatea","Haptoria_2","Haptoria_2_X","phagotrophs"
"Eukaryota","Ciliophora","Litostomatea","Haptoria_3","Haptoria_3_X","phagotrophs"
"Eukaryota","Ciliophora","Litostomatea","Haptoria_4","Didiniidae","phagotrophs"
"Eukaryota","Ciliophora","Litostomatea","Haptoria_5","Pleurostomatida","phagotrophs"
"Eukaryota","Ciliophora","Litostomatea","Haptoria_6","Lacrymariidae","phagotrophs"
"Eukaryota","Ciliophora","Litostomatea","Haptoria_7","Spathidiida","phagotrophs"
"Eukaryota","Ciliophora","Litostomatea","Litostomatea_X","Litostomatea_XX","phagotrophs"
"Eukaryota","Ciliophora","Litostomatea","Rhynchostomatia","Dileptidae","phagotrophs"
"Eukaryota","Ciliophora","Litostomatea","Rhynchostomatia","Rhynchostomatia_X","phagotrophs"
"Eukaryota","Ciliophora","Litostomatea","Rhynchostomatia","Tracheliidae","phagotrophs"
"Eukaryota","Ciliophora","Litostomatea","Trichostomatia","Amylovoracidae","phagotrophs"
"Eukaryota","Ciliophora","Litostomatea","Trichostomatia","Balantidiidae_1","phagotrophs"
"Eukaryota","Ciliophora","Litostomatea","Trichostomatia","Balantidiidae_2","phagotrophs"
"Eukaryota","Ciliophora","Litostomatea","Trichostomatia","Blepharocorythidae","phagotrophs"
"Eukaryota","Ciliophora","Litostomatea","Trichostomatia","Buetschliidae","phagotrophs"
"Eukaryota","Ciliophora","Litostomatea","Trichostomatia","Entodiniomorphida_3","phagotrophs"
"Eukaryota","Ciliophora","Litostomatea","Trichostomatia","Entodiniomorphina_1","phagotrophs"
"Eukaryota","Ciliophora","Litostomatea","Trichostomatia","Isotrichidae_1","phagotrophs"
"Eukaryota","Ciliophora","Litostomatea","Trichostomatia","Isotrichidae_2","phagotrophs"
"Eukaryota","Ciliophora","Litostomatea","Trichostomatia","Macropodiniida","phagotrophs"
"Eukaryota","Ciliophora","Litostomatea","Trichostomatia","Macropodiniidae","phagotrophs"
"Eukaryota","Ciliophora","Litostomatea","Trichostomatia","Ophryoscolecidae_1","phagotrophs"
"Eukaryota","Ciliophora","Litostomatea","Trichostomatia","Ophryoscolecidae_2","phagotrophs"
"Eukaryota","Ciliophora","Litostomatea","Trichostomatia","Polycostidae","phagotrophs"
"Eukaryota","Ciliophora","Litostomatea","Trichostomatia","Pseudoentodiniidae","phagotrophs"
"Eukaryota","Ciliophora","Litostomatea","Trichostomatia","Trichostomatia_X","phagotrophs"
"Eukaryota","Ciliophora","Nassophorea","Nassophorea_X","Colpodidiidae","phagotrophs"
"Eukaryota","Ciliophora","Nassophorea","Nassophorea_X","Microthoracida","phagotrophs"
"Eukaryota","Ciliophora","Nassophorea","Nassophorea_X","Nassulida","phagotrophs"
"Eukaryota","Ciliophora","Nassophorea","Nassophorea_X","Pseudomicrothoracidae","phagotrophs"
"Eukaryota","Ciliophora","Oligohymenophorea","Apostomatia","Apostomatia_X","phagotrophs"
"Eukaryota","Ciliophora","Oligohymenophorea","Apostomatia","Foettingeriidae","phagotrophs"
"Eukaryota","Ciliophora","Oligohymenophorea","Apostomatia","Opalinopsidae","phagotrophs"
"Eukaryota","Ciliophora","Oligohymenophorea","Apostomatia","Pseudocolliniidae","phagotrophs"
"Eukaryota","Ciliophora","Oligohymenophorea","Astomatia","Astomatida","phagotrophs"
"Eukaryota","Ciliophora","Oligohymenophorea","Hymenostomatia","Deltopylidae","phagotrophs"
"Eukaryota","Ciliophora","Oligohymenophorea","Hymenostomatia","Glaucomidae","phagotrophs"
"Eukaryota","Ciliophora","Oligohymenophorea","Hymenostomatia","Ophryoglenida","phagotrophs"
"Eukaryota","Ciliophora","Oligohymenophorea","Hymenostomatia","Tetrahymenida","phagotrophs"
"Eukaryota","Ciliophora","Oligohymenophorea","OLIGO4","OLIGO4_X","phagotrophs"
"Eukaryota","Ciliophora","Oligohymenophorea","OLIGO5","OLIGO5_X","phagotrophs"
"Eukaryota","Ciliophora","Oligohymenophorea","OLIGO6","OLIGO6_X","phagotrophs"
"Eukaryota","Ciliophora","Oligohymenophorea","OLIGO7","OLIGO7_X","phagotrophs"
"Eukaryota","Ciliophora","Oligohymenophorea","OLIGO8","OLIGO8_X","phagotrophs"
"Eukaryota","Ciliophora","Oligohymenophorea","Oligohymenophorea_X","Conchophthiridae","phagotrophs"
"Eukaryota","Ciliophora","Oligohymenophorea","Oligohymenophorea_X","Oligohymenophorea_XX","phagotrophs"
"Eukaryota","Ciliophora","Oligohymenophorea","Oligohymenophorea_X","Urocentridae","phagotrophs"
"Eukaryota","Ciliophora","Oligohymenophorea","Peniculia","Frontoniidae-1","phagotrophs"
"Eukaryota","Ciliophora","Oligohymenophorea","Peniculia","Frontoniidae_1","phagotrophs"
"Eukaryota","Ciliophora","Oligohymenophorea","Peniculia","Frontoniidae_2","phagotrophs"
"Eukaryota","Ciliophora","Oligohymenophorea","Peniculia","Lembadionidae","phagotrophs"
"Eukaryota","Ciliophora","Oligohymenophorea","Peniculia","Parameciidae","phagotrophs"
"Eukaryota","Ciliophora","Oligohymenophorea","Peniculia","Paranassulidae","phagotrophs"
"Eukaryota","Ciliophora","Oligohymenophorea","Peniculia","Peniculia_X","phagotrophs"
"Eukaryota","Ciliophora","Oligohymenophorea","Peniculia","Peniculida","phagotrophs"
"Eukaryota","Ciliophora","Oligohymenophorea","Peritrichia_1","Trichodinidae","phagotrophs"
"Eukaryota","Ciliophora","Oligohymenophorea","Peritrichia_1","Urceolariidae","phagotrophs"
"Eukaryota","Ciliophora","Oligohymenophorea","Peritrichia_2","OLIGO2","phagotrophs"
"Eukaryota","Ciliophora","Oligohymenophorea","Peritrichia_2","OLIGO3","phagotrophs"
"Eukaryota","Ciliophora","Oligohymenophorea","Peritrichia_2","Operculariidae","phagotrophs"
"Eukaryota","Ciliophora","Oligohymenophorea","Peritrichia_2","Scyphidiidae_1","phagotrophs"
"Eukaryota","Ciliophora","Oligohymenophorea","Peritrichia_2","Sessilida","phagotrophs"
"Eukaryota","Ciliophora","Oligohymenophorea","Peritrichia_2","Vaginicolidae","phagotrophs"
"Eukaryota","Ciliophora","Oligohymenophorea","Peritrichia_2","Zoothamniidae","phagotrophs"
"Eukaryota","Ciliophora","Oligohymenophorea","Scuticociliatia_1","Cohnilembidae","phagotrophs"
"Eukaryota","Ciliophora","Oligohymenophorea","Scuticociliatia_1","OLIGO9","phagotrophs"
"Eukaryota","Ciliophora","Oligohymenophorea","Scuticociliatia_1","Philasterida","phagotrophs"
"Eukaryota","Ciliophora","Oligohymenophorea","Scuticociliatia_1","Pseudocohnilembidae","phagotrophs"
"Eukaryota","Ciliophora","Oligohymenophorea","Scuticociliatia_1","Thigmophryidae","phagotrophs"
"Eukaryota","Ciliophora","Oligohymenophorea","Scuticociliatia_2","Ctedoctematidae","phagotrophs"
"Eukaryota","Ciliophora","Oligohymenophorea","Scuticociliatia_2","Eurystomatellidae","phagotrophs"
"Eukaryota","Ciliophora","Oligohymenophorea","Scuticociliatia_2","Histiobalantiidae","phagotrophs"
"Eukaryota","Ciliophora","Oligohymenophorea","Scuticociliatia_2","OLIGO10","phagotrophs"
"Eukaryota","Ciliophora","Oligohymenophorea","Scuticociliatia_2","Pleuronematida","phagotrophs"
"Eukaryota","Ciliophora","Oligohymenophorea","Scuticociliatia_2","Pleuronematidae_1","phagotrophs"
"Eukaryota","Ciliophora","Oligohymenophorea","Scuticociliatia_2","Pleuronematidae_2","phagotrophs"
"Eukaryota","Ciliophora","Oligohymenophorea","Scuticociliatia_2","Scuticociliatia_2_X","phagotrophs"
"Eukaryota","Ciliophora","Phyllopharyngea","Chonotrichia","Isochonopsidae","phagotrophs"
"Eukaryota","Ciliophora","Phyllopharyngea","Cyrtophoria","Cyrtophoria_X","phagotrophs"
"Eukaryota","Ciliophora","Phyllopharyngea","Cyrtophoria_1","PHYLL_4","phagotrophs"
"Eukaryota","Ciliophora","Phyllopharyngea","Cyrtophoria_1","Pithitidae","phagotrophs"
"Eukaryota","Ciliophora","Phyllopharyngea","Cyrtophoria_2","Lynchellidae_1","phagotrophs"
"Eukaryota","Ciliophora","Phyllopharyngea","Cyrtophoria_2","Nassulopsidae","phagotrophs"
"Eukaryota","Ciliophora","Phyllopharyngea","Cyrtophoria_3","Lynchellidae_2","phagotrophs"
"Eukaryota","Ciliophora","Phyllopharyngea","Cyrtophoria_4","Chilodonellidae","phagotrophs"
"Eukaryota","Ciliophora","Phyllopharyngea","Cyrtophoria_5","Chlamydodontidae","phagotrophs"
"Eukaryota","Ciliophora","Phyllopharyngea","Cyrtophoria_6","Plesiotrichopidae","phagotrophs"
"Eukaryota","Ciliophora","Phyllopharyngea","Cyrtophoria_7","Hartmannulidae","phagotrophs"
"Eukaryota","Ciliophora","Phyllopharyngea","Cyrtophoria_8","Dysteriidae","phagotrophs"
"Eukaryota","Ciliophora","Phyllopharyngea","Phyllopharyngea_X","Phyllopharyngea_XX","phagotrophs"
"Eukaryota","Ciliophora","Phyllopharyngea","Rhynchodia","Hypocomidae","phagotrophs"
"Eukaryota","Ciliophora","Phyllopharyngea","Suctoria","Acinetidae_1","phagotrophs"
"Eukaryota","Ciliophora","Phyllopharyngea","Suctoria","Acinetidae_2","phagotrophs"
"Eukaryota","Ciliophora","Phyllopharyngea","Suctoria","Endogenida_2","phagotrophs"
"Eukaryota","Ciliophora","Phyllopharyngea","Suctoria","Ephelotidae","phagotrophs"
"Eukaryota","Ciliophora","Phyllopharyngea","Suctoria","Evaginogenida","phagotrophs"
"Eukaryota","Ciliophora","Phyllopharyngea","Suctoria","PHYLL_1","phagotrophs"
"Eukaryota","Ciliophora","Phyllopharyngea","Suctoria","PHYLL_2","phagotrophs"
"Eukaryota","Ciliophora","Phyllopharyngea","Suctoria","PHYLL_3","phagotrophs"
"Eukaryota","Ciliophora","Phyllopharyngea","Suctoria","Suctoria_X","phagotrophs"
"Eukaryota","Ciliophora","Phyllopharyngea","Suctoria","Tokophryidae","phagotrophs"
"Eukaryota","Ciliophora","Phyllopharyngea","Synhymenia","Orthodonellidae","phagotrophs"
"Eukaryota","Ciliophora","Prostomatea","Prorodontida","Plagiocampidae","phagotrophs"
"Eukaryota","Ciliophora","Prostomatea","Prorodontida","Urotrichidae","phagotrophs"
"Eukaryota","Ciliophora","Prostomatea","Prostomatea_X","Prostomatea_XX","phagotrophs"
"Eukaryota","Ciliophora","Prostomatea_1","Prostomatea_1_X","Colepidae","phagotrophs"
"Eukaryota","Ciliophora","Prostomatea_2","Prostomatea_2_X","Placidae","phagotrophs"
"Eukaryota","Ciliophora","Prostomatea_3","Prostomatea_3_X","Holophryidae","phagotrophs"
"Eukaryota","Ciliophora","Spirotrichea","Choreotrichida","Choreotrichida_X","phagotrophs"
"Eukaryota","Ciliophora","Spirotrichea","Choreotrichida","Leegaardiellidae","phagotrophs"
"Eukaryota","Ciliophora","Spirotrichea","Choreotrichida","Lynnellidae","phagotrophs"
"Eukaryota","Ciliophora","Spirotrichea","Choreotrichida","Strobilidiidae","phagotrophs"
"Eukaryota","Ciliophora","Spirotrichea","Choreotrichida","Strombidinopsidae","phagotrophs"
"Eukaryota","Ciliophora","Spirotrichea","Choreotrichida-Tintinnina","Ascampbelliellidae","phagotrophs"
"Eukaryota","Ciliophora","Spirotrichea","Choreotrichida-Tintinnina","Choreotrichida-Tintinnina_X","phagotrophs"
"Eukaryota","Ciliophora","Spirotrichea","Choreotrichida-Tintinnina","Cyttarocylididae","phagotrophs"
"Eukaryota","Ciliophora","Spirotrichea","Choreotrichida-Tintinnina","Dictyocystidae","phagotrophs"
"Eukaryota","Ciliophora","Spirotrichea","Choreotrichida-Tintinnina","Epiplocylididae","phagotrophs"
"Eukaryota","Ciliophora","Spirotrichea","Choreotrichida-Tintinnina","Eutintinnidae","phagotrophs"
"Eukaryota","Ciliophora","Spirotrichea","Choreotrichida-Tintinnina","Favellidae","phagotrophs"
"Eukaryota","Ciliophora","Spirotrichea","Choreotrichida-Tintinnina","Ptychocylididae","phagotrophs"
"Eukaryota","Ciliophora","Spirotrichea","Choreotrichida-Tintinnina","Rhabdonellidae","phagotrophs"
"Eukaryota","Ciliophora","Spirotrichea","Choreotrichida-Tintinnina","Stenosemellidae","phagotrophs"
"Eukaryota","Ciliophora","Spirotrichea","Choreotrichida-Tintinnina","TIN_01","phagotrophs"
"Eukaryota","Ciliophora","Spirotrichea","Choreotrichida-Tintinnina","TIN_02","phagotrophs"
"Eukaryota","Ciliophora","Spirotrichea","Choreotrichida-Tintinnina","TIN_03","phagotrophs"
"Eukaryota","Ciliophora","Spirotrichea","Choreotrichida-Tintinnina","TIN_04","phagotrophs"
"Eukaryota","Ciliophora","Spirotrichea","Choreotrichida-Tintinnina","TIN_05","phagotrophs"
"Eukaryota","Ciliophora","Spirotrichea","Choreotrichida-Tintinnina","TIN_06","phagotrophs"
"Eukaryota","Ciliophora","Spirotrichea","Choreotrichida-Tintinnina","TIN_07","phagotrophs"
"Eukaryota","Ciliophora","Spirotrichea","Choreotrichida-Tintinnina","TIN_08","phagotrophs"
"Eukaryota","Ciliophora","Spirotrichea","Choreotrichida-Tintinnina","TIN_09","phagotrophs"
"Eukaryota","Ciliophora","Spirotrichea","Choreotrichida-Tintinnina","TIN_10","phagotrophs"
"Eukaryota","Ciliophora","Spirotrichea","Choreotrichida-Tintinnina","TIN_11","phagotrophs"
"Eukaryota","Ciliophora","Spirotrichea","Choreotrichida-Tintinnina","TIN_12","phagotrophs"
"Eukaryota","Ciliophora","Spirotrichea","Choreotrichida-Tintinnina","TIN_13","phagotrophs"
"Eukaryota","Ciliophora","Spirotrichea","Choreotrichida-Tintinnina","Tintinnidae","phagotrophs"
"Eukaryota","Ciliophora","Spirotrichea","Choreotrichida-Tintinnina","Tintinnidiidae","phagotrophs"
"Eukaryota","Ciliophora","Spirotrichea","Choreotrichida-Tintinnina","Undellidae","phagotrophs"
"Eukaryota","Ciliophora","Spirotrichea","Choreotrichida-Tintinnina","Xystonellidae","phagotrophs"
"Eukaryota","Ciliophora","Spirotrichea","Euplotia","Aspidiscidae","phagotrophs"
"Eukaryota","Ciliophora","Spirotrichea","Euplotia","Certesiidae","phagotrophs"
"Eukaryota","Ciliophora","Spirotrichea","Euplotia","Discocephalidae","phagotrophs"
"Eukaryota","Ciliophora","Spirotrichea","Euplotia","Euplotia_X","phagotrophs"
"Eukaryota","Ciliophora","Spirotrichea","Euplotia","Euplotidae","phagotrophs"
"Eukaryota","Ciliophora","Spirotrichea","Euplotia","Gastrocirrhidae","phagotrophs"
"Eukaryota","Ciliophora","Spirotrichea","Euplotia","Pseudoamphisiellidae","phagotrophs"
"Eukaryota","Ciliophora","Spirotrichea","Euplotia","Uronychiidae","phagotrophs"
"Eukaryota","Ciliophora","Spirotrichea","Hypotrichia","Cladotrichidae","phagotrophs"
"Eukaryota","Ciliophora","Spirotrichea","Hypotrichia","Epiclintidae","phagotrophs"
"Eukaryota","Ciliophora","Spirotrichea","Hypotrichia","Halteriidae","phagotrophs"
"Eukaryota","Ciliophora","Spirotrichea","Hypotrichia","Holostichidae","phagotrophs"
"Eukaryota","Ciliophora","Spirotrichea","Hypotrichia","Hypotrichia_X","phagotrophs"
"Eukaryota","Ciliophora","Spirotrichea","Hypotrichia","Oxytrichidae","phagotrophs"
"Eukaryota","Ciliophora","Spirotrichea","Hypotrichia","Parabirojimidae","phagotrophs"
"Eukaryota","Ciliophora","Spirotrichea","Hypotrichia","Pseudokeronopsidae","phagotrophs"
"Eukaryota","Ciliophora","Spirotrichea","Hypotrichia","Pseudourostylidae","phagotrophs"
"Eukaryota","Ciliophora","Spirotrichea","Hypotrichia","Rigidotrichidae","phagotrophs"
"Eukaryota","Ciliophora","Spirotrichea","Hypotrichia","Spirofilidae","phagotrophs"
"Eukaryota","Ciliophora","Spirotrichea","Hypotrichia","Strongylidiidae","phagotrophs"
"Eukaryota","Ciliophora","Spirotrichea","Hypotrichia","Trachelostylidae","phagotrophs"
"Eukaryota","Ciliophora","Spirotrichea","Hypotrichia","Urostylidae","phagotrophs"
"Eukaryota","Ciliophora","Spirotrichea","Licnophoria","Licnophoridae","phagotrophs"
"Eukaryota","Ciliophora","Spirotrichea","Oligotrichida","Oligotrichida_X","phagotrophs"
"Eukaryota","Ciliophora","Spirotrichea","Oligotrichida","Pelagostrombidiidae","phagotrophs"
"Eukaryota","Ciliophora","Spirotrichea","Oligotrichida","Strombidiidae","phagotrophs"
"Eukaryota","Ciliophora","Spirotrichea","Oligotrichida","Tontoniidae","phagotrophs"
"Eukaryota","Ciliophora","Spirotrichea","Protohypotrichia","Kiitrichidae","phagotrophs"
"Eukaryota","Ciliophora","Spirotrichea","Spirotrichea_X","Spirotrichea_XX","phagotrophs"
"Eukaryota","Colponemidia","Colponemidia_X","Colponemida","Colponemidae","phagotrophs"
"Eukaryota","Dinoflagellata","Dinophyceae","Abediniales","Abediniaceae","dinoflagellates"
"Eukaryota","Dinoflagellata","Dinophyceae","Dinophyceae_X","Dinophyceae_XX","dinoflagellates"
"Eukaryota","Dinoflagellata","Dinophyceae","Dinophyceae_X","Oodiniaceae","dinoflagellates"
"Eukaryota","Dinoflagellata","Dinophyceae","Dinophyceae_X","Phytodiniaceae","dinoflagellates"
"Eukaryota","Dinoflagellata","Dinophyceae","Dinophyceae_X","Ptychodiscaceae","dinoflagellates"
"Eukaryota","Dinoflagellata","Dinophyceae","Dinophysales","Amphisoleniaceae","dinoflagellates"
"Eukaryota","Dinoflagellata","Dinophyceae","Dinophysales","Dinophysaceae","dinoflagellates"
"Eukaryota","Dinoflagellata","Dinophyceae","Dinophysales","Oxyphysiaceae","dinoflagellates"
"Eukaryota","Dinoflagellata","Dinophyceae","Gonyaulacales","Ceratiaceae","dinoflagellates"
"Eukaryota","Dinoflagellata","Dinophyceae","Gonyaulacales","Gonyaulacaceae","dinoflagellates"
"Eukaryota","Dinoflagellata","Dinophyceae","Gonyaulacales","Gonyaulacales_X","dinoflagellates"
"Eukaryota","Dinoflagellata","Dinophyceae","Gonyaulacales","Lingulodiniaceae","dinoflagellates"
"Eukaryota","Dinoflagellata","Dinophyceae","Gonyaulacales","Ostreopsidaceae","dinoflagellates"
"Eukaryota","Dinoflagellata","Dinophyceae","Gonyaulacales","Protoceratiaceae","dinoflagellates"
"Eukaryota","Dinoflagellata","Dinophyceae","Gonyaulacales","Pyrocystaceae","dinoflagellates"
"Eukaryota","Dinoflagellata","Dinophyceae","Gonyaulacales","Pyrophacaceae","dinoflagellates"
"Eukaryota","Dinoflagellata","Dinophyceae","Gonyaulacales","Thecadiniaceae","dinoflagellates"
"Eukaryota","Dinoflagellata","Dinophyceae","Gonyaulacales","Tovelliaceae","dinoflagellates"
"Eukaryota","Dinoflagellata","Dinophyceae","Gymnodiniales","Ceratoperidiniaceae","dinoflagellates"
"Eukaryota","Dinoflagellata","Dinophyceae","Gymnodiniales","Chytriodiniaceae","dinoflagellates"
"Eukaryota","Dinoflagellata","Dinophyceae","Gymnodiniales","Gymnodiniaceae","dinoflagellates"
"Eukaryota","Dinoflagellata","Dinophyceae","Gymnodiniales","Gymnodiniales_X","dinoflagellates"
"Eukaryota","Dinoflagellata","Dinophyceae","Gymnodiniales","Kareniaceae","dinoflagellates"
"Eukaryota","Dinoflagellata","Dinophyceae","Gymnodiniales","Warnowiaceae","dinoflagellates"
"Eukaryota","Dinoflagellata","Dinophyceae","Haplozoonales","Haplozoonaceae","dinoflagellates"
"Eukaryota","Dinoflagellata","Dinophyceae","Peridiniales","Amphidiniopsidaceae","dinoflagellates"
"Eukaryota","Dinoflagellata","Dinophyceae","Peridiniales","Amphidomataceae","dinoflagellates"
"Eukaryota","Dinoflagellata","Dinophyceae","Peridiniales","Amphitholaceae","dinoflagellates"
"Eukaryota","Dinoflagellata","Dinophyceae","Peridiniales","Blastodiniaceae","dinoflagellates"
"Eukaryota","Dinoflagellata","Dinophyceae","Peridiniales","Crypthecodiniaceae","dinoflagellates"
"Eukaryota","Dinoflagellata","Dinophyceae","Peridiniales","Diplopsalidaceae","dinoflagellates"
"Eukaryota","Dinoflagellata","Dinophyceae","Peridiniales","Heterocapsaceae","dinoflagellates"
"Eukaryota","Dinoflagellata","Dinophyceae","Peridiniales","Hetrodiniaceae","dinoflagellates"
"Eukaryota","Dinoflagellata","Dinophyceae","Peridiniales","Kryptoperidiniaceae","dinoflagellates"
"Eukaryota","Dinoflagellata","Dinophyceae","Peridiniales","Peridiniaceae","dinoflagellates"
"Eukaryota","Dinoflagellata","Dinophyceae","Peridiniales","Peridiniales_X","dinoflagellates"
"Eukaryota","Dinoflagellata","Dinophyceae","Peridiniales","Peridiniopsidaceae","dinoflagellates"
"Eukaryota","Dinoflagellata","Dinophyceae","Peridiniales","Podolampadaceae","dinoflagellates"
"Eukaryota","Dinoflagellata","Dinophyceae","Peridiniales","Protoperidiniaceae","dinoflagellates"
"Eukaryota","Dinoflagellata","Dinophyceae","Peridiniales","Thoracosphaeraceae","dinoflagellates"
"Eukaryota","Dinoflagellata","Dinophyceae","Prorocentrales","Prorocentraceae","dinoflagellates"
"Eukaryota","Dinoflagellata","Dinophyceae","Suessiales","Borghiellaceae","dinoflagellates"
"Eukaryota","Dinoflagellata","Dinophyceae","Suessiales","Suessiaceae","dinoflagellates"
"Eukaryota","Dinoflagellata","Dinophyceae","Suessiales","Suessiales_X","dinoflagellates"
"Eukaryota","Dinoflagellata","Dinophyceae","Suessiales","Symbiodiniaceae","dinoflagellates"
"Eukaryota","Dinoflagellata","Dinophyceae","Torodiniales","Torodiniaceae","dinoflagellates"
"Eukaryota","Dinoflagellata","Dinophyta_X","Dinophyta_XX","Dinophyta_XXX","dinoflagellates"
"Eukaryota","Perkinsea","Perkinsea_X","Perkinsea_XX","Perkinsea_XXX","parasites"
"Eukaryota","Perkinsea","Perkinsida","Perkinsida_X","Pararosariidae","parasites"
"Eukaryota","Perkinsea","Perkinsida","Perkinsida_X","Parviluciferaceae","parasites"
"Eukaryota","Perkinsea","Perkinsida","Perkinsida_X","Perkinsida_XX","parasites"
"Eukaryota","Perkinsea","Perkinsida","Perkinsida_X","Perkinsidae","parasites"
"Eukaryota","Perkinsea","Perkinsida","Perkinsida_X","Xcellidae","parasites"
"Eukaryota","Cercozoa","Cercozoa_X","Cercozoa_XX","Cercozoa_XXX","phagotrophs"
"Eukaryota","Cercozoa","Endomyxa","Endomyxa_X","Endomyxa_Novel-clade-9","phagotrophs"
"Eukaryota","Cercozoa","Endomyxa","Endomyxa_X","Endomyxa_XX","phagotrophs"
"Eukaryota","Cercozoa","Endomyxa","Filoretidae","Filoretidae_X","phagotrophs"
"Eukaryota","Cercozoa","Endomyxa","Vampyrellida","Leptophryidae","phagotrophs"
"Eukaryota","Cercozoa","Endomyxa","Vampyrellida","Penardia-lineage","phagotrophs"
"Eukaryota","Cercozoa","Endomyxa","Vampyrellida","Sey055-lineage","phagotrophs"
"Eukaryota","Cercozoa","Endomyxa","Vampyrellida","Thalassomyxa-lineage","phagotrophs"
"Eukaryota","Cercozoa","Endomyxa","Vampyrellida","Vampyrellida_X","phagotrophs"
"Eukaryota","Cercozoa","Endomyxa","Vampyrellida","Vampyrellidae","phagotrophs"
"Eukaryota","Cercozoa","Endomyxa","Vampyrellida","op14-lineage","phagotrophs"
"Eukaryota","Cercozoa","Endomyxa","Vampyrellida","sm27-lineage","phagotrophs"
"Eukaryota","Cercozoa","Endomyxa-Phytomyxea","Endomyxa-Phytomyxea_X","Endomyxa-Phytomyxea_XX","phagotrophs"
"Eukaryota","Cercozoa","Endomyxa-Phytomyxea","Phagomyxida","Phagomyxida_X","phagotrophs"
"Eukaryota","Cercozoa","Endomyxa-Phytomyxea","Phagomyxida","Phagomyxidae","phagotrophs"
"Eukaryota","Cercozoa","Endomyxa-Phytomyxea","Plasmodiophorida","Plasmodiophorida_X","phagotrophs"
"Eukaryota","Cercozoa","Endomyxa-Phytomyxea","Plasmodiophorida","Plasmodiophoridae","phagotrophs"
"Eukaryota","Cercozoa","Endomyxa-Phytomyxea","Plasmodiophorida","Polymyxa-lineage","phagotrophs"
"Eukaryota","Cercozoa","Filosa-Granofilosea","Cryptofilida","Mesofilidae","phagotrophs"
"Eukaryota","Cercozoa","Filosa-Granofilosea","Cryptofilida","Nanofilidae","phagotrophs"
"Eukaryota","Cercozoa","Filosa-Granofilosea","Cryptofilida","Novel-Gran-1","phagotrophs"
"Eukaryota","Cercozoa","Filosa-Granofilosea","Cryptofilida","Novel-Gran-2","phagotrophs"
"Eukaryota","Cercozoa","Filosa-Granofilosea","Desmothoracida","Clathrulinidae","phagotrophs"
"Eukaryota","Cercozoa","Filosa-Granofilosea","Desmothoracida","Desmothoracida_X","phagotrophs"
"Eukaryota","Cercozoa","Filosa-Granofilosea","Filosa-Granofilosea_X","Filosa-Granofilosea_XX","phagotrophs"
"Eukaryota","Cercozoa","Filosa-Granofilosea","Filosa-Granofilosea_X","Novel-Gran-234","phagotrophs"
"Eukaryota","Cercozoa","Filosa-Granofilosea","Filosa-Granofilosea_X","Novel-Gran-5","phagotrophs"
"Eukaryota","Cercozoa","Filosa-Granofilosea","Filosa-Granofilosea_X","Novel-Gran-6","phagotrophs"
"Eukaryota","Cercozoa","Filosa-Granofilosea","Filosa-Granofilosea_X","Novel-Massiteriidae","phagotrophs"
"Eukaryota","Cercozoa","Filosa-Granofilosea","Filosa-Granofilosea_X","he2-lineage","phagotrophs"
"Eukaryota","Cercozoa","Filosa-Granofilosea","Limnofilida","Limnofilidae","phagotrophs"
"Eukaryota","Cercozoa","Filosa-Granofilosea","Massiterida","Massiteriidae","phagotrophs"
"Eukaryota","Cercozoa","Filosa-Imbricatea","Euglyphida","Cyphoderiidae","phagotrophs"
"Eukaryota","Cercozoa","Filosa-Imbricatea","Euglyphida","Euglyphida_X","phagotrophs"
"Eukaryota","Cercozoa","Filosa-Imbricatea","Euglyphida","Euglyphidae","phagotrophs"
"Eukaryota","Cercozoa","Filosa-Imbricatea","Euglyphida","Ovulinatidae","phagotrophs"
"Eukaryota","Cercozoa","Filosa-Imbricatea","Euglyphida","Paulinellidae","phagotrophs"
"Eukaryota","Cercozoa","Filosa-Imbricatea","Euglyphida","Trinematidae","phagotrophs"
"Eukaryota","Cercozoa","Filosa-Imbricatea","Filosa-Imbricatea_X","Filosa-Imbricatea_XX","phagotrophs"
"Eukaryota","Cercozoa","Filosa-Imbricatea","Filosa-Imbricatea_X","Novel-clade-2","phagotrophs"
"Eukaryota","Cercozoa","Filosa-Imbricatea","Filosa-Imbricatea_X","Novel-clade-3","phagotrophs"
"Eukaryota","Cercozoa","Filosa-Imbricatea","Imbricatea_X","Imbricatea_XX","phagotrophs"
"Eukaryota","Cercozoa","Filosa-Imbricatea","Marimonadida","Marimonadida_X","phagotrophs"
"Eukaryota","Cercozoa","Filosa-Imbricatea","Paracercomonadida","Paracercomonadida_X","phagotrophs"
"Eukaryota","Cercozoa","Filosa-Imbricatea","Spongomonadida","Spongomonadidae","phagotrophs"
"Eukaryota","Cercozoa","Filosa-Imbricatea","Thaumatomonadida","Esquamulidae","phagotrophs"
"Eukaryota","Cercozoa","Filosa-Imbricatea","Thaumatomonadida","Peregriniidae","phagotrophs"
"Eukaryota","Cercozoa","Filosa-Imbricatea","Thaumatomonadida","Thaumatomonadida_X","phagotrophs"
"Eukaryota","Cercozoa","Filosa-Imbricatea","Thaumatomonadida","Thaumatomonadidae","phagotrophs"
"Eukaryota","Cercozoa","Filosa-Imbricatea","Variglissida","Nudifilidae","phagotrophs"
"Eukaryota","Cercozoa","Filosa-Sarcomonadea","Cercomonadida","Cercomonadidae","phagotrophs"
"Eukaryota","Cercozoa","Filosa-Sarcomonadea","Cercomonadida","Paracercomonadidae","phagotrophs"
"Eukaryota","Cercozoa","Filosa-Sarcomonadea","Filosa-Sarcomonadea_X","Filosa-Sarcomonadea_XX","phagotrophs"
"Eukaryota","Cercozoa","Filosa-Sarcomonadea","Filosa-Sarcomonadea_X","Sainouridae","phagotrophs"
"Eukaryota","Cercozoa","Filosa-Sarcomonadea","Glissomonadida","Allapsidae","phagotrophs"
"Eukaryota","Cercozoa","Filosa-Sarcomonadea","Glissomonadida","Bodomorphidae","phagotrophs"
"Eukaryota","Cercozoa","Filosa-Sarcomonadea","Glissomonadida","Dujardinidae","phagotrophs"
"Eukaryota","Cercozoa","Filosa-Sarcomonadea","Glissomonadida","Glissomonadida_Clade-Y","phagotrophs"
"Eukaryota","Cercozoa","Filosa-Sarcomonadea","Glissomonadida","Glissomonadida_X","phagotrophs"
"Eukaryota","Cercozoa","Filosa-Sarcomonadea","Glissomonadida","Proleptomonadidae","phagotrophs"
"Eukaryota","Cercozoa","Filosa-Sarcomonadea","Glissomonadida","Sandonidae","phagotrophs"
"Eukaryota","Cercozoa","Filosa-Sarcomonadea","Pansomonadida","Agitatidae","phagotrophs"
"Eukaryota","Cercozoa","Filosa-Sarcomonadea","Pansomonadida","Pansomonadida_X","phagotrophs"
"Eukaryota","Cercozoa","Filosa-Thecofilosea","Cryomonadida","Cryomonadida_X","phagotrophs"
"Eukaryota","Cercozoa","Filosa-Thecofilosea","Cryomonadida","Cryothecomonas-lineage","phagotrophs"
"Eukaryota","Cercozoa","Filosa-Thecofilosea","Cryomonadida","Protaspa-lineage","phagotrophs"
"Eukaryota","Cercozoa","Filosa-Thecofilosea","Cryomonadida","Rhogostoma-lineage","phagotrophs"
"Eukaryota","Cercozoa","Filosa-Thecofilosea","Ebriacea","Botuliformidae","phagotrophs"
"Eukaryota","Cercozoa","Filosa-Thecofilosea","Ebriacea","Ebriida_X","phagotrophs"
"Eukaryota","Cercozoa","Filosa-Thecofilosea","Ebriacea","Ebriidae","phagotrophs"
"Eukaryota","Cercozoa","Filosa-Thecofilosea","Ebriacea","TAGIRI1-lineage","phagotrophs"
"Eukaryota","Cercozoa","Filosa-Thecofilosea","Filosa-Thecofilosea_X","Chlamydophryidae","phagotrophs"
"Eukaryota","Cercozoa","Filosa-Thecofilosea","Filosa-Thecofilosea_X","Filosa-Thecofilosea_XX","phagotrophs"
"Eukaryota","Cercozoa","Filosa-Thecofilosea","Filosa-Thecofilosea_X","Mataza-lineage","phagotrophs"
"Eukaryota","Cercozoa","Filosa-Thecofilosea","Filosa-Thecofilosea_X","Novel-Clade-4","phagotrophs"
"Eukaryota","Cercozoa","Filosa-Thecofilosea","Tectofilosida","Pseudodifflugiidae","phagotrophs"
"Eukaryota","Cercozoa","Filosa-Thecofilosea","Tectofilosida","Tectofilosida_X","phagotrophs"
"Eukaryota","Cercozoa","Filosa-Thecofilosea","Ventricleftida","CCW10-lineage","phagotrophs"
"Eukaryota","Cercozoa","Filosa-Thecofilosea","Ventricleftida","Ventricleftida_X","phagotrophs"
"Eukaryota","Cercozoa","Filosa-Thecofilosea","Ventricleftida","Ventrifissuridae","phagotrophs"
"Eukaryota","Cercozoa","Filosa-Thecofilosea","Ventricleftida","Verrucomonadidae","phagotrophs"
"Eukaryota","Cercozoa","Novel-clade-10-12","Novel-clade-10","Novel-clade-10_X","phagotrophs"
"Eukaryota","Cercozoa","Novel-clade-10-12","Novel-clade-10-12_X","Novel-clade-10-12_XX","phagotrophs"
"Eukaryota","Cercozoa","Novel-clade-10-12","Novel-clade-12","NC12A-lineage","phagotrophs"
"Eukaryota","Cercozoa","Novel-clade-10-12","Novel-clade-12","NC12B-lineage","phagotrophs"
"Eukaryota","Cercozoa","Novel-clade-10-12","Tremulida","Tremulidae","phagotrophs"
"Eukaryota","Rhizaria_X","Rhizaria_XX","Aquavolonida","Aquavolonida_X","phagotrophs"
"Eukaryota","Bigyra","Bicoecea","Anoecales","Anoecaceae","phagotrophs"
"Eukaryota","Bigyra","Bicoecea","Anoecales","Anoecales_X","phagotrophs"
"Eukaryota","Bigyra","Bicoecea","Anoecales","Caecitellaceae","phagotrophs"
"Eukaryota","Bigyra","Bicoecea","Anoecales","Cafeteriaceae","phagotrophs"
"Eukaryota","Bigyra","Bicoecea","Anoecales","Symbiomonaceae","phagotrophs"
"Eukaryota","Bigyra","Bicoecea","Bicoecales","Bicoecaceae","phagotrophs"
"Eukaryota","Bigyra","Bicoecea","Bicoecea_X","Bicoecea_XX","phagotrophs"
"Eukaryota","Bigyra","Bicoecea","Borokales","Borokaceae","phagotrophs"
"Eukaryota","Bigyra","Bicoecea","Pseudodendromonadales","Pseudodendromonadales_X","phagotrophs"
"Eukaryota","Bigyra","Opalozoa","Bicosoecida","MAST-16","phagotrophs"
"Eukaryota","Bigyra","Opalozoa","Bicosoecida","MAST-22","phagotrophs"
"Eukaryota","Bigyra","Opalozoa","Bicosoecida","MAST-24","phagotrophs"
"Eukaryota","Bigyra","Opalozoa","Nanomonadea","MAST-3","phagotrophs"
"Eukaryota","Bigyra","Opalozoa","Opalinata","Blastocystis-Group","parasites"
"Eukaryota","Bigyra","Opalozoa","Opalinata","Nucleohelea","parasites"
"Eukaryota","Bigyra","Opalozoa","Opalinata","Opalinidae","parasites"
"Eukaryota","Bigyra","Opalozoa","Opalinata","Proteromonadidae","parasites"
"Eukaryota","Bigyra","Opalozoa","Opalozoa_X","MAST-12","phagotrophs"
"Eukaryota","Bigyra","Opalozoa","Opalozoa_X","Opalozoa_XX","parasites"
"Eukaryota","Bigyra","Opalozoa","Placidida","Placidiales","parasites"
"Eukaryota","Bigyra","Opalozoa","Placidida","Placidida_X","parasites"
"Eukaryota","Bigyra","Sagenista","Labyrinthulomycetes","Amphifilaceae","phagotrophs"
"Eukaryota","Bigyra","Sagenista","Labyrinthulomycetes","Amphitraemidae","phagotrophs"
"Eukaryota","Bigyra","Sagenista","Labyrinthulomycetes","Diplophrydaceae","phagotrophs"
"Eukaryota","Bigyra","Sagenista","Labyrinthulomycetes","Labyrinthulaceae","phagotrophs"
"Eukaryota","Bigyra","Sagenista","Labyrinthulomycetes","Labyrinthulomycetes_LAB1/6/8","phagotrophs"
"Eukaryota","Bigyra","Sagenista","Labyrinthulomycetes","Labyrinthulomycetes_LAB10","phagotrophs"
"Eukaryota","Bigyra","Sagenista","Labyrinthulomycetes","Labyrinthulomycetes_LAB11","phagotrophs"
"Eukaryota","Bigyra","Sagenista","Labyrinthulomycetes","Labyrinthulomycetes_LAB12","phagotrophs"
"Eukaryota","Bigyra","Sagenista","Labyrinthulomycetes","Labyrinthulomycetes_LAB13","phagotrophs"
"Eukaryota","Bigyra","Sagenista","Labyrinthulomycetes","Labyrinthulomycetes_LAB14","phagotrophs"
"Eukaryota","Bigyra","Sagenista","Labyrinthulomycetes","Labyrinthulomycetes_LAB15","phagotrophs"
"Eukaryota","Bigyra","Sagenista","Labyrinthulomycetes","Labyrinthulomycetes_LAB16","phagotrophs"
"Eukaryota","Bigyra","Sagenista","Labyrinthulomycetes","Labyrinthulomycetes_LAB2","phagotrophs"
"Eukaryota","Bigyra","Sagenista","Labyrinthulomycetes","Labyrinthulomycetes_LAB3","phagotrophs"
"Eukaryota","Bigyra","Sagenista","Labyrinthulomycetes","Labyrinthulomycetes_LAB4","phagotrophs"
"Eukaryota","Bigyra","Sagenista","Labyrinthulomycetes","Labyrinthulomycetes_LAB5","phagotrophs"
"Eukaryota","Bigyra","Sagenista","Labyrinthulomycetes","Labyrinthulomycetes_LAB7","phagotrophs"
"Eukaryota","Bigyra","Sagenista","Labyrinthulomycetes","Labyrinthulomycetes_LAB9","phagotrophs"
"Eukaryota","Bigyra","Sagenista","Labyrinthulomycetes","Labyrinthulomycetes_X","phagotrophs"
"Eukaryota","Bigyra","Sagenista","Labyrinthulomycetes","Oblongichytridiaceae","phagotrophs"
"Eukaryota","Bigyra","Sagenista","Labyrinthulomycetes","Thraustochytriaceae","phagotrophs"
"Eukaryota","Bigyra","Sagenista","Pseudophyllomitidae","MAST-6","phagotrophs"
"Eukaryota","Bigyra","Sagenista","Pseudophyllomitidae","Pseudophyllomitidae_X","phagotrophs"
"Eukaryota","Bigyra","Sagenista","Sagenista_X","MAST-10","phagotrophs"
"Eukaryota","Bigyra","Sagenista","Sagenista_X","MAST-11","phagotrophs"
"Eukaryota","Bigyra","Sagenista","Sagenista_X","MAST-20","phagotrophs"
"Eukaryota","Bigyra","Sagenista","Sagenista_X","MAST-4","phagotrophs"
"Eukaryota","Bigyra","Sagenista","Sagenista_X","MAST-7","phagotrophs"
"Eukaryota","Bigyra","Sagenista","Sagenista_X","MAST-8","phagotrophs"
"Eukaryota","Bigyra","Sagenista","Sagenista_X","MAST-9","phagotrophs"
"Eukaryota","Gyrista","Bacillariophyceae","Achnanthales","Achnanthaceae","phototrophs"
"Eukaryota","Gyrista","Bacillariophyceae","Achnanthales","Achnanthidiaceae","phototrophs"
"Eukaryota","Gyrista","Bacillariophyceae","Achnanthales","Cocconeidaceae","phototrophs"
"Eukaryota","Gyrista","Bacillariophyceae","Bacillariales","Bacillariaceae","phototrophs"
"Eukaryota","Gyrista","Bacillariophyceae","Bacillariophyceae_X","Bacillariophyceae_XX","phototrophs"
"Eukaryota","Gyrista","Bacillariophyceae","Cyclophorales","Cyclophoraceae","phototrophs"
"Eukaryota","Gyrista","Bacillariophyceae","Cymbellales","Anomoeoneidaceae","phototrophs"
"Eukaryota","Gyrista","Bacillariophyceae","Cymbellales","Cymbellaceae","phototrophs"
"Eukaryota","Gyrista","Bacillariophyceae","Cymbellales","Gomphonemataceae","phototrophs"
"Eukaryota","Gyrista","Bacillariophyceae","Eunotiales","Eunotiaceae","phototrophs"
"Eukaryota","Gyrista","Bacillariophyceae","Fragilariales","Fragilariaceae","phototrophs"
"Eukaryota","Gyrista","Bacillariophyceae","Fragilariales","Staurosiraceae","phototrophs"
"Eukaryota","Gyrista","Bacillariophyceae","Koernerellales","Koernerellacae","phototrophs"
"Eukaryota","Gyrista","Bacillariophyceae","Licmophorales","Licmophoraceae","phototrophs"
"Eukaryota","Gyrista","Bacillariophyceae","Licmophorales","Ulnariaceae","phototrophs"
"Eukaryota","Gyrista","Bacillariophyceae","Lyrellales","Lyrellaceae","phototrophs"
"Eukaryota","Gyrista","Bacillariophyceae","Mastogloiales","Mastogloiaceae","phototrophs"
"Eukaryota","Gyrista","Bacillariophyceae","Naviculales","Amphipleuraceae","phototrophs"
"Eukaryota","Gyrista","Bacillariophyceae","Naviculales","Berkeleyaceae","phototrophs"
"Eukaryota","Gyrista","Bacillariophyceae","Naviculales","Diadesmidaceae","phototrophs"
"Eukaryota","Gyrista","Bacillariophyceae","Naviculales","Diploneidaceae","phototrophs"
"Eukaryota","Gyrista","Bacillariophyceae","Naviculales","Naviculaceae","phototrophs"
"Eukaryota","Gyrista","Bacillariophyceae","Naviculales","Naviculales_X","phototrophs"
"Eukaryota","Gyrista","Bacillariophyceae","Naviculales","Neidiaceae","phototrophs"
"Eukaryota","Gyrista","Bacillariophyceae","Naviculales","Pinnulariaceae","phototrophs"
"Eukaryota","Gyrista","Bacillariophyceae","Naviculales","Plagiotropidaceae","phototrophs"
"Eukaryota","Gyrista","Bacillariophyceae","Naviculales","Pleurosigmataceae","phototrophs"
"Eukaryota","Gyrista","Bacillariophyceae","Naviculales","Sellaphoraceae","phototrophs"
"Eukaryota","Gyrista","Bacillariophyceae","Naviculales","Stauroneidaceae","phototrophs"
"Eukaryota","Gyrista","Bacillariophyceae","Plagiogrammales","Plagiogrammaceae","phototrophs"
"Eukaryota","Gyrista","Bacillariophyceae","Protoraphidales","Protoraphidaceae","phototrophs"
"Eukaryota","Gyrista","Bacillariophyceae","Rhabdonematales","Grammatophoraceae","phototrophs"
"Eukaryota","Gyrista","Bacillariophyceae","Rhabdonematales","Rhabdonemataceae","phototrophs"
"Eukaryota","Gyrista","Bacillariophyceae","Rhabdonematales","Tabellariaceae","phototrophs"
"Eukaryota","Gyrista","Bacillariophyceae","Rhaphoneidales","Asterionellopsidaceae","phototrophs"
"Eukaryota","Gyrista","Bacillariophyceae","Rhaponeidales","Rhaphoneidaceae","phototrophs"
"Eukaryota","Gyrista","Bacillariophyceae","Rhopalodiales","Rhopalodiaceae","phototrophs"
"Eukaryota","Gyrista","Bacillariophyceae","Striatellales","Florellaceae","phototrophs"
"Eukaryota","Gyrista","Bacillariophyceae","Striatellales","Striatellaceae","phototrophs"
"Eukaryota","Gyrista","Bacillariophyceae","Surirellales","Entomoneidaceae","phototrophs"
"Eukaryota","Gyrista","Bacillariophyceae","Surirellales","Surirellaceae","phototrophs"
"Eukaryota","Gyrista","Bacillariophyceae","Thalassionematales","Thalassionemataceae","phototrophs"
"Eukaryota","Gyrista","Bacillariophyceae","Thalassiophysales","Catenulaceae","phototrophs"
"Eukaryota","Gyrista","Bolidophyceae","Parmales","Parmales_X","phototrophs"
"Eukaryota","Gyrista","Bolidophyceae","Parmales","Parmales_env_1","phototrophs"
"Eukaryota","Gyrista","Bolidophyceae","Parmales","Parmales_env_2","phototrophs"
"Eukaryota","Gyrista","Bolidophyceae","Parmales","Parmales_env_3","phototrophs"
"Eukaryota","Gyrista","Bolidophyceae","Parmales","Triparmaceae","phototrophs"
"Eukaryota","Gyrista","Chrysophyceae","Apoikiales","Apoikiaceae","phototrophs"
"Eukaryota","Gyrista","Chrysophyceae","Chromulinales","Chromulinaceae","phototrophs"
"Eukaryota","Gyrista","Chrysophyceae","Chromulinales","Chromulinales_X","phototrophs"
"Eukaryota","Gyrista","Chrysophyceae","Chromulinales","Chrysamoebaceae","phototrophs"
"Eukaryota","Gyrista","Chrysophyceae","Chromulinales","Chrysosphaerellaceae","phototrophs"
"Eukaryota","Gyrista","Chrysophyceae","Chrysophyceae_Clade-EC2H","Chrysophyceae_Clade-EC2H_X","phototrophs"
"Eukaryota","Gyrista","Chrysophyceae","Chrysophyceae_Clade-EC2I","Chrysophyceae_Clade-EC2I_X","phototrophs"
"Eukaryota","Gyrista","Chrysophyceae","Chrysophyceae_Cluster-I","Chrysophyceae_Cluster-I_X","phototrophs"
"Eukaryota","Gyrista","Chrysophyceae","Chrysophyceae_Cluster-II","Chrysophyceae_Cluster-II_X","phototrophs"
"Eukaryota","Gyrista","Chrysophyceae","Chrysophyceae_X","Chrysophyceae_XX","phototrophs"
"Eukaryota","Gyrista","Chrysophyceae","Chrysophyceae_env_clade-I","Chrysophyceae_env_clade-I_X","phototrophs"
"Eukaryota","Gyrista","Chrysophyceae","Chrysophyceae_env_clade-II","Chrysophyceae_env_clade-II_X","phototrophs"
"Eukaryota","Gyrista","Chrysophyceae","Chrysosaccales","Chrysophyceae_Clade-E","phototrophs"
"Eukaryota","Gyrista","Chrysophyceae","Chrysosaccales","Chrysosaccaceae","phototrophs"
"Eukaryota","Gyrista","Chrysophyceae","Chrysosaccales","Stylococcaceae","phototrophs"
"Eukaryota","Gyrista","Chrysophyceae","Hibberdiales","Hibberdiaceae","phototrophs"
"Eukaryota","Gyrista","Chrysophyceae","Hibberdiales","Hibberdiales_Clade-Env-2","phototrophs"
"Eukaryota","Gyrista","Chrysophyceae","Hibberdiales","Hibberdiales_X","phototrophs"
"Eukaryota","Gyrista","Chrysophyceae","Hydrurales","Hydruraceae","phototrophs"
"Eukaryota","Gyrista","Chrysophyceae","Hydrurales","Hydrurales_Clade-II","phototrophs"
"Eukaryota","Gyrista","Chrysophyceae","Hydrurales","Hydrurales_Clade-III","phototrophs"
"Eukaryota","Gyrista","Chrysophyceae","Hydrurales","Hydrurales_X","phototrophs"
"Eukaryota","Gyrista","Chrysophyceae","Ochromonadales","Ochromonadaceae","phototrophs"
"Eukaryota","Gyrista","Chrysophyceae","Ochromonadales","Ochromonadales_X","phototrophs"
"Eukaryota","Gyrista","Chrysophyceae","Ochromonadales","Ochromonadales_clade-V","phototrophs"
"Eukaryota","Gyrista","Chrysophyceae","Ochromonadales","Ochromonadales_clade-VI","phototrophs"
"Eukaryota","Gyrista","Chrysophyceae","Ochromonadales","Ochromonadales_clade-VII","phototrophs"
"Eukaryota","Gyrista","Chrysophyceae","Ochromonadales","Ochromonadales_clade-VIII","phototrophs"
"Eukaryota","Gyrista","Chrysophyceae","Ochromonadales","Ochromonadales_clade-X","phototrophs"
"Eukaryota","Gyrista","Chrysophyceae","Ochromonadales","Ochromonadales_clade-XI","phototrophs"
"Eukaryota","Gyrista","Chrysophyceae","Ochromonadales","Ochromonadales_clade-XII","phototrophs"
"Eukaryota","Gyrista","Chrysophyceae","Ochromonadales","Ochromonadales_clade-XIII","phototrophs"
"Eukaryota","Gyrista","Chrysophyceae","Paraphysomonadales","Lepidochromonadaceae","phototrophs"
"Eukaryota","Gyrista","Chrysophyceae","Paraphysomonadales","Paraphysomonadaceae","phototrophs"
"Eukaryota","Gyrista","Chrysophyceae","Paraphysomonadales","Paraphysomonadales_Clade-EC1Ga","phototrophs"
"Eukaryota","Gyrista","Chrysophyceae","Paraphysomonadales","Paraphysomonadales_Clade-EC1Gb","phototrophs"
"Eukaryota","Gyrista","Chrysophyceae","Paraphysomonadales","Paraphysomonadales_X","phototrophs"
"Eukaryota","Gyrista","Chrysophyceae","Segregatospumellales","Segregatospumellaceae","phototrophs"
"Eukaryota","Gyrista","Chrysophyceae","Synurales","Synuraceae","phototrophs"
"Eukaryota","Gyrista","Coscinodiscophyceae","Asterolamprales","Asterolampraceae","phototrophs"
"Eukaryota","Gyrista","Coscinodiscophyceae","Aulacoseirales","Aulacoseiraceae","phototrophs"
"Eukaryota","Gyrista","Coscinodiscophyceae","Corethrales","Corethraceae","phototrophs"
"Eukaryota","Gyrista","Coscinodiscophyceae","Coscinodiscales","Aulacodiscaceae","phototrophs"
"Eukaryota","Gyrista","Coscinodiscophyceae","Coscinodiscales","Coscinodiscaceae","phototrophs"
"Eukaryota","Gyrista","Coscinodiscophyceae","Coscinodiscales","Heliopeltaceae","phototrophs"
"Eukaryota","Gyrista","Coscinodiscophyceae","Coscinodiscales","Hemidiscaceae","phototrophs"
"Eukaryota","Gyrista","Coscinodiscophyceae","Coscinodiscophyceae_X","Coscinodiscophyceae_XX","phototrophs"
"Eukaryota","Gyrista","Coscinodiscophyceae","Melosirales","Hyalodiscaceae","phototrophs"
"Eukaryota","Gyrista","Coscinodiscophyceae","Melosirales","Melosiraceae","phototrophs"
"Eukaryota","Gyrista","Coscinodiscophyceae","Paraliales","Paraliaceae","phototrophs"
"Eukaryota","Gyrista","Coscinodiscophyceae","Paraliales","Radialiplicataceae","phototrophs"
"Eukaryota","Gyrista","Coscinodiscophyceae","Rhizosoleniales","Rhizosoleniaceae","phototrophs"
"Eukaryota","Gyrista","Coscinodiscophyceae","Stellarimales","Stellarimaceae","phototrophs"
"Eukaryota","Gyrista","Coscinodiscophyceae","Stellarimales","Trigoniumaceae","phototrophs"
"Eukaryota","Gyrista","Coscinodiscophyceae","Stephanopyxales","Endictyaceae","phototrophs"
"Eukaryota","Gyrista","Coscinodiscophyceae","Stephanopyxales","Hydroseraceae","phototrophs"
"Eukaryota","Gyrista","Coscinodiscophyceae","Stephanopyxales","Stephanopyxidaceae","phototrophs"
"Eukaryota","Gyrista","Coscinodiscophyceae","Stictodiscales","Chrysanthemodiscaceae","phototrophs"
"Eukaryota","Gyrista","Coscinodiscophyceae","Stictodiscales","Stictodiscaceae","phototrophs"
"Eukaryota","Gyrista","Coscinodiscophyceae","Triceratiales","Triceratiaceae","phototrophs"
"Eukaryota","Gyrista","Dictyochophyceae","Dictyochophyceae_X","Dictyochales","phototrophs"
"Eukaryota","Gyrista","Dictyochophyceae","Dictyochophyceae_X","Dictyochophyceae_XX","phototrophs"
"Eukaryota","Gyrista","Dictyochophyceae","Dictyochophyceae_X","Florenciellales","phototrophs"
"Eukaryota","Gyrista","Dictyochophyceae","Dictyochophyceae_X","Pedinellales","phototrophs"
"Eukaryota","Gyrista","Dictyochophyceae","Dictyochophyceae_X","Rhizochromulinales","phototrophs"
"Eukaryota","Gyrista","Eustigmatophyceae","Eustigmatophyceae_X","Eustigmatophyceae_XX","phototrophs"
"Eukaryota","Gyrista","Gyrista_X","Gyrista_XX","MAST-1","phagotrophs"
"Eukaryota","Gyrista","Gyrista_X","Gyrista_XX","MAST-2","phagotrophs"
"Eukaryota","Gyrista","Gyrista_X","Gyrista_XX","MAST-23","phagotrophs"
"Eukaryota","Gyrista","Hyphochytriomyceta","Hyphochytriales","Hyphochrytriaceae","parasites"
"Eukaryota","Gyrista","Hyphochytriomyceta","Hyphochytriales","Hyphochytrydiales_X","parasites"
"Eukaryota","Gyrista","MOCH-3","MOCH-3_X","MOCH-3_XX","phototrophs"
"Eukaryota","Gyrista","Mediophyceae","Anaulales","Anaulaceae","phototrophs"
"Eukaryota","Gyrista","Mediophyceae","Ardissoneales","Ardissoneaceae","phototrophs"
"Eukaryota","Gyrista","Mediophyceae","Biddulphiales","Attheyaceae","phototrophs"
"Eukaryota","Gyrista","Mediophyceae","Biddulphiales","Bellerocheaceae","phototrophs"
"Eukaryota","Gyrista","Mediophyceae","Biddulphiales","Biddulphiaceae","phototrophs"
"Eukaryota","Gyrista","Mediophyceae","Chaetocerotales","Chaetocerotaceae","phototrophs"
"Eukaryota","Gyrista","Mediophyceae","Chaetocerotales","Leptocylindraceae","phototrophs"
"Eukaryota","Gyrista","Mediophyceae","Cymatosirales","Cymatosiraceae","phototrophs"
"Eukaryota","Gyrista","Mediophyceae","Eupodiscales","Eupodiscaceae","phototrophs"
"Eukaryota","Gyrista","Mediophyceae","Eupodiscales","Odontellaceae","phototrophs"
"Eukaryota","Gyrista","Mediophyceae","Eupodiscales","Parodontellaceae","phototrophs"
"Eukaryota","Gyrista","Mediophyceae","Hemiaulales","Hemiaulaceae","phototrophs"
"Eukaryota","Gyrista","Mediophyceae","Hemiaulales","Isthmiaceae","phototrophs"
"Eukaryota","Gyrista","Mediophyceae","Lithodesmiales","Lithodesmiaceae","phototrophs"
"Eukaryota","Gyrista","Mediophyceae","Mediophyceae_X","Mediophyceae_XX","phototrophs"
"Eukaryota","Gyrista","Mediophyceae","Probosciales","Probosciaceae","phototrophs"
"Eukaryota","Gyrista","Mediophyceae","Thalassiosirales","Lauderiaceae","phototrophs"
"Eukaryota","Gyrista","Mediophyceae","Thalassiosirales","Skeletonemaceae","phototrophs"
"Eukaryota","Gyrista","Mediophyceae","Thalassiosirales","Stephanodiscaceae","phototrophs"
"Eukaryota","Gyrista","Mediophyceae","Thalassiosirales","Thalassiosiraceae","phototrophs"
"Eukaryota","Gyrista","Mediophyceae","Thalassiosirales","Thalassiosirales_X","phototrophs"
"Eukaryota","Gyrista","Peronosporomycetes","Peronosporomycetes_X","Atkinsiellales","parasites"
"Eukaryota","Gyrista","Peronosporomycetes","Peronosporomycetes_X","Eurychasmales","parasites"
"Eukaryota","Gyrista","Peronosporomycetes","Peronosporomycetes_X","Haliphthorales","parasites"
"Eukaryota","Gyrista","Peronosporomycetes","Peronosporomycetes_X","Haptoglossales","parasites"
"Eukaryota","Gyrista","Peronosporomycetes","Peronosporomycetes_X","Leptomitales","parasites"
"Eukaryota","Gyrista","Peronosporomycetes","Peronosporomycetes_X","Olpidophydiales","parasites"
"Eukaryota","Gyrista","Peronosporomycetes","Peronosporomycetes_X","Peronosporales","parasites"
"Eukaryota","Gyrista","Peronosporomycetes","Peronosporomycetes_X","Peronosporomycetes_XX","parasites"
"Eukaryota","Gyrista","Peronosporomycetes","Peronosporomycetes_X","Saprolegniales","parasites"
"Eukaryota","Gyrista","Pirsoniales","Pirsoniales_X","Pirsoniales_XX","parasites"
"Eukaryota","Gyrista","Raphidophyceae","Raphidophyceae_X","Raphidophyceae_XX","phototrophs"
"Eukaryota","Gyrista","Synchromophyceae","Synchromadales","Synchromaceae","phototrophs"
"Eukaryota","Gyrista","Synchromophyceae","Synchromophyceae_X","Synchromophyceae_XX","phototrophs"
"Eukaryota","Gyrista","Xanthophyceae","Xanthophyceae_X","Xanthophyceae_XX","phototrophs"
"Eukaryota","Stramenopiles_X","Stramenopiles_X-Group-3","Stramenopiles_X-Group-3_X","Stramenopiles_X-Group-3_XX","phagotrophs"
"Eukaryota","Stramenopiles_X","Stramenopiles_XX","Stramenopiles_XXX","MAST-21","phagotrophs"
"Eukaryota","Stramenopiles_X","Stramenopiles_XX","Stramenopiles_XXX","MAST-25","phagotrophs"
"Eukaryota","Stramenopiles_X","Stramenopiles_XX","Stramenopiles_XXX","Stramenopiles_XXXX","phagotrophs"
"Eukaryota","Telonemia_X","Telonemia_XX","Telonemia_XXX","Telonemia-Group-1","phagotrophs"
"Eukaryota","Telonemia_X","Telonemia_XX","Telonemia_XXX","Telonemia-Group-2","phagotrophs"
"Eukaryota","Telonemia_X","Telonemia_XX","Telonemia_XXX","Telonemia_XXXX","phagotrophs"
